wikidata_id,phd_en,phd_de,phd_nl,phd_sv,phd_fr,phd_es,phd_it,phd_pt,phd_ru,phd_pl,phd_uk,phd_sr
Q191305,8.006072645500081,7.749519724550973,9.030405394365472,7.796965052116751,7.837608496157694,7.643143632790713,7.957993576496353,7.279003101652582,8.641464716428928,8.8258860182998,7.533845999205205,7.542562257275014
Q181078,8.158434168517264,8.180542603715331,8.486204188423832,7.573289515182915,8.039127852200506,8.016915956445727,8.49825842071345,8.099642270490504,8.542411683177605,8.441935985718102,7.659756185476503,8.07903227868167
Q36823,7.403081744308516,9.579859934870116,8.707301199621922,8.587303863064701,8.702065625680635,8.277733786944806,8.702098988281803,8.332849931314902,10.755239022518955,8.940786176353814,8.787518332235841,8.718397949330662
Q27074540,7.230847822933719,8.994863536937704,9.576166032787333,8.752378425367631,8.290201253117734,8.565773932728726,7.85112713983147,8.021019158624306,8.729160919356598,8.788587090999116,8.032907256386226,7.789940565558735
Q37175,7.7634942591957925,8.568636581860316,9.636685489718005,9.145094584978688,8.69533589429136,7.716169234858637,8.27815817733982,8.08371258277876,9.648136300018013,9.57125578704242,7.919181828123738,7.772474991022378
Q161140,6.359461704390011,8.462141686002312,8.024472824845276,8.53942927404614,7.347191346563082,7.266826877042972,7.428958284383438,7.888342671024948,8.160437994661603,7.776839900089526,7.827229746002279,7.345947826866096
Q171504,8.834650285564889,8.588640147854294,9.321205902504298,8.208685312741702,8.437365910762976,8.018641983424354,7.985014573628065,8.333220105664878,8.668956665255328,8.878690444186882,7.203319251180611,7.087413735470525
Q17507,7.20853840958661,8.227530873841326,7.752215186009593,7.647740817885354,6.803560356778094,7.1548067797621915,7.888059017268018,7.298629505624734,7.163664850567546,8.73833497007403,7.521722301232679,7.34739267725583
Q8142,9.115619616739387,8.457880658287928,8.412296643741524,9.06610740657285,7.942459320460834,7.715035816902862,9.070351087478901,8.380225037386904,9.424368558695503,10.444305265743852,8.433476394262522,7.992398919042675
Q649112,8.682829534051358,8.887912196898892,8.030944386554106,8.982879490183906,7.831989065682611,8.101321101199732,8.891949006684547,8.297596583116892,8.110385172904868,7.842825774632174,8.19190755924472,7.517139895368455
Q13420597,7.685912462143979,8.629943113783613,8.446206000896655,8.342919594454784,7.347768332001317,7.211893099825687,6.715229665156728,6.998992479692501,7.778289002911932,6.925723879544936,7.531079968675507,7.407405890040532
Q429934,8.800414706549898,10.531940054446569,9.802720668327396,9.480516914755745,9.496417894595421,9.740734355087636,9.827994868773809,9.829096969803864,10.281874339079577,11.521171551129205,9.144085313560877,8.492191899942794
Q483693,7.834769903885714,8.488118503267643,9.051490177680739,8.844710162951811,8.37114284339205,9.1135496236809,9.16599227223628,8.940600252860536,9.451614988276154,9.499309197463873,8.511335285702417,8.169517395233525
Q7099,9.206927894919183,10.548073351121937,9.34075614130128,9.565836247062302,8.88966884479599,9.36128140592273,9.610611474807554,9.055559642263203,9.833607261633487,10.132838707920381,9.613372675546506,7.652259336027842
Q20075,7.605704268049422,9.30054052552573,8.87049314628036,8.67289607285433,7.825142092054386,7.1823108123302895,8.153578213111006,8.117576222468042,8.734264734902668,9.584575341102482,7.702308199969121,7.373695877541995
Q220310,8.161953086791266,7.844746529984736,8.710973750336107,7.6457731126136155,7.393720094322041,7.8481800873184975,7.174238878134922,7.488451089302337,7.3249793273792525,7.60780739835539,7.603569859087733,8.64667989954554
Q649817,7.266028781304323,9.447871803829907,9.0565714540043,9.426381558275516,8.474552053807688,9.088252623609804,10.853274304568417,8.862745218036103,9.549065861040509,10.106418933822523,9.051749926122772,7.973480112425896
Q1414,9.785951001365609,8.866451875423877,9.164359343109863,9.105246162025546,8.406608817877297,8.848273766447774,8.563758037476752,8.984529571903028,9.436077247981057,9.713795347797818,8.906458793883456,7.618126181191524
Q531814,8.907593464352239,10.427339481446165,9.323481569045617,9.619258287830322,9.028597324913411,9.29406331134175,9.269330905618283,9.917163666411296,10.463613109436338,10.340508794103023,9.934172732530698,8.430268457584928
Q11682,7.620831533493125,9.483973566788986,8.630490388337199,9.490586972008133,7.840422952105342,7.68758074690056,8.338869074044192,7.635712254222517,9.927082742880359,9.107534423634695,8.332768679058516,7.334582738893892
Q162202,8.47113662528999,8.843000019725281,9.153958137310507,8.664190176681931,8.589458322217904,8.953502078266549,8.638638426426153,8.930878440547287,8.959262038810875,9.354649785825215,8.243154823095495,7.274662025076196
Q241218,9.010558333419404,10.853243632238605,9.411681221627578,10.178637633050911,8.14840062490235,9.337430273944635,9.641423121413302,9.266828981117488,10.468395331230115,10.400553004280987,9.199672246188415,8.64236049185043
Q6418,7.509439996260324,9.006407105322237,8.406956222195038,8.46908102598703,7.854826606529577,7.912050687612854,8.93281057772673,8.640799553326996,9.426475337536324,8.634129683587535,8.441758085481393,7.559701125478594
Q203033,8.373050013151516,8.919262279638286,8.128389423406096,7.7303320184642486,8.400532191597318,7.62363725346011,7.818690363321863,7.721999391568272,7.869139432451726,8.783808398425691,7.699734517889539,7.483840101966298
Q184903,8.662466107834023,9.918258094869362,9.294893606595906,9.325056201335398,8.699597891498406,10.019368251734855,9.149903945334737,9.554209465741875,9.084943378310852,9.808274481615754,9.814693840731358,8.324954877353528
Q1394,8.760633479489535,9.520247842447146,9.315711684247043,8.669906063354235,9.275040684794014,8.33542233447989,9.077358228583408,9.433752087543121,11.193508083516107,10.029262355843185,9.138806022263783,9.07191901033207
Q47906,7.707931429781472,8.90532512842836,8.316848070239422,8.124872207403481,8.485934596879954,8.28133761995227,8.817722976872737,8.210361145395366,8.324482816827862,8.460212858225722,8.479943505919037,7.450327965789307
Q181312,7.3278493059249845,7.6637515670261696,7.881793767937055,7.901633151155486,7.541611241049368,6.65385922424106,7.321402918356795,7.338277924330513,7.264368744486881,7.944048153480139,7.597613175589199,7.124391596769353
Q622424,8.02434352383528,8.913927005044611,8.475909949763432,7.924900690159889,8.155178800918526,7.9380668279775435,7.854754220902948,8.06344984600789,9.12210608756252,7.987921229758886,9.128619832392912,9.052094092054633
Q1035,9.250338446629568,10.140532866378166,10.40919077683166,8.783376911825764,8.723981895514118,9.100976780316202,9.657354157573565,9.312911960735342,7.576666712397304,9.865421352194296,7.700058756530481,8.044425993529146
Q155901,7.539024158489719,9.536845915942315,9.435109001298931,9.21501920782176,9.029753482194375,8.512362983105307,9.128220978358232,8.866047102819577,9.780818968244882,9.124626720525095,8.64507479050274,8.154289091828318
Q190209,7.810288249667447,8.908665058928378,8.098703817542372,8.435364142682854,7.229682057765465,7.5569877007912725,7.283767964761361,7.492898319842832,8.35890759983721,8.277852817857799,7.237113414319322,6.9586828530769855
Q79762,7.940417824150296,9.007036991460165,9.35081852813606,9.123501566235236,9.0696981228824,8.10486681470265,9.106012685124687,8.992815164834026,8.367217315563995,8.043940320232426,7.57923401851136,6.7920866966272335
Q747537,7.975785325795017,8.395926976942967,7.451874507820944,8.070147061995973,7.9913561210192645,7.426901192640646,7.745596636346168,7.004146182736008,8.329755742025245,7.977006810884766,7.829270181446977,7.597764408812262
Q815834,7.853472403904659,9.364194229510332,8.834464594267192,8.861470634147917,7.894644597880084,7.88225758180993,8.19046422099374,8.162336370290607,9.452393542829052,10.133870891220136,7.772436090729367,7.58041076282897
Q1781285,8.79298135893902,9.681444904010242,9.235332224861823,8.375683959636321,9.614324521284267,8.716163224753117,9.555222394556955,8.965086344665073,9.29059916132853,9.8050999043548,8.51188715261797,10.03084070564456
Q185085,8.46920685045656,8.865658791657458,8.472232347647648,8.503256441344067,8.0750234118201,8.284760658233175,9.002707530319116,8.549406772643454,9.08696119073813,8.970243175682999,9.067471347815927,8.422730455626022
Q43100,8.105138961732978,9.51885702385794,8.993275785083103,8.918147658550506,7.617434351717532,7.655746789906168,7.665164090290157,7.854584009955369,9.00499454228082,8.604879718207023,8.046566089751034,7.511487381250052
Q188983,7.073054979643682,8.958384931194317,8.164401605068624,7.778699658650907,7.674701865429743,7.931533765287283,7.46648419991379,7.672697935005356,8.973496905980392,8.045182637438298,8.182690456515886,7.021414595118412
Q216640,9.017472731843144,8.867967465006807,9.19859338390902,9.244810268635202,8.301208184263897,8.704183763644858,8.761139983968306,8.764334216825514,9.776418266120576,8.939730667660218,8.702792917315676,8.723405019109519
Q663673,8.10117285659538,8.556756146024924,8.893529506816972,7.61636440801406,8.69493422511139,6.919493560720826,7.832612556227938,8.381542144087616,9.125791513225908,8.851145539475226,8.428470442819165,6.586232421903306
Q189800,9.04182578118848,9.431263208084895,9.271476306712325,9.268251414684904,8.910639360526474,8.89496059034088,9.78712357747281,9.319486342977758,9.663658751657882,10.279582226787737,8.584428095840694,8.493983608740498
Q202298,7.905008715758165,9.174726479078096,8.585304329869127,9.253571845231093,8.19957186647708,8.041041531785647,8.079923343832652,7.743481399026859,8.474843655651048,8.758958736930044,7.550398214988567,6.883181226712844
Q48,8.830623435947404,10.075549484890466,10.017226314554575,9.211244117802359,8.601386525729433,8.435748369573039,9.324426291967832,8.446138960940413,10.42805444591274,10.105747752736281,8.440858134741502,8.982368279217155
Q4525785,6.994091346581459,8.37591810182213,7.445342191644602,7.88121500289445,7.615209643146146,7.022932690747375,6.8256747581123625,7.342687681374106,6.902282230362569,7.794858948971492,8.562616816775556,7.719062921696344
Q84165,8.293713732040437,9.162065823519285,8.909790361369607,9.165820211999996,8.097206725821327,8.031691439266995,8.120819372319566,8.095993766865982,9.50803138343275,8.53339825618455,8.436250724582464,7.0577979601958845
Q23384,8.620916898230563,8.885346258942826,9.522007878196156,8.154207975998448,9.232545971765841,8.804727375554272,8.601287006871983,9.389897146065165,9.574995247497117,9.31047893136075,8.715050490040742,8.698099610977673
Q977,7.283714745515512,8.552923766124518,8.693676564456249,8.21164730332235,8.138707879965008,8.567043373004008,8.208909232330823,8.791251295428403,8.39056982723492,9.312912782072143,7.503313513246403,7.115750329884548
Q569869,8.620490714487364,10.069893991682635,9.594771145826531,9.236259660671273,8.99738561107948,9.318423064286664,9.005622081864166,9.072831979784143,10.529664192118203,10.862469336292246,9.689150764418205,8.705708230690357
Q409793,7.651156452796656,9.186418377590421,8.590802585959967,8.39350475416456,8.162079814469244,8.166113189644555,9.242892491989995,8.54745442515179,8.816349913028802,9.718722716020807,8.823695250690403,7.955924918815451
Q132518,9.104201384667801,10.415867492035321,10.767528283127385,10.252398458401824,8.844594345910883,9.939063690963888,10.019306254388471,9.24280287226294,11.133384206939416,10.946665047125052,10.39683588169654,9.321296164049825
Q33837,7.384565034997116,8.322282177805624,7.845693533698272,8.154009235850708,7.0680211168303115,7.486793475199643,7.352752333535765,7.3896584310910844,7.621793298934845,8.482935435181993,7.049702164527752,7.674092891547189
Q147235,9.059997411112132,10.867089939141708,10.263712035644485,9.714167309220588,9.270375347340906,8.634662582973382,10.494153220063787,9.115304144964533,10.677110286914354,10.085585810413129,8.820986608319636,8.728871965953925
Q11436,8.945237160169254,8.525669670030098,7.830450936468199,9.329977436520386,9.109342896114761,9.135014644268324,8.847796936717865,9.962425458956941,10.463482147336485,8.936884397439746,8.879873112171788,9.375970167819151
Q36368,7.660949050200442,8.613813907830991,9.223511071873089,8.616858078914499,8.187779725572792,7.078489208135247,7.9454899640535865,7.534256541478164,8.019828719221568,8.42238461979758,6.452003498646176,7.2767198214384665
Q485679,7.121869261964168,7.752985969443324,7.406505262068724,7.413543672243541,7.447578711505516,7.45785448221666,7.0525207995887875,7.19731754811692,7.413875356310533,7.462713368059509,7.060548520348481,7.077904901744238
Q28406836,8.054915390471391,9.743676449896352,8.748466289963954,8.875657544974693,8.173894009184927,7.780244768132368,8.317861769767728,8.003750872151505,9.86649988376821,8.810971642694103,8.889847390573326,9.019795420523012
Q215010,8.7861128176549,9.402553770739075,9.96798608508444,9.897975937693426,8.603679929163183,8.764531694986225,8.829565024055197,8.868048249304003,9.86510421691594,10.208094957031337,8.439396583554924,8.486787367756106
Q41137,7.674022403298297,9.36397780185062,8.455470265652846,9.460569930536511,7.7485378607432525,7.971183796194169,8.037994751542076,8.301561379438825,8.495994731610493,8.502116880612606,7.572651266842985,8.740979401099409
Q170355,7.665987751564074,8.993764558912344,9.125736536580495,8.992468343931176,7.268622790233758,7.201991870297382,7.3954862587113315,7.167422458636071,7.661398723810917,7.7243220173908895,7.054517546889225,7.8040078719964665
Q6221,8.976161549613682,9.2886629796226,9.429414926039383,8.714466222352799,9.318089122745496,8.766074623374228,9.024030226661315,8.949359392408153,8.997816938574362,8.250526047384156,9.382458804566184,8.327729332427053
Q173680,7.151735371952194,7.573881765613849,7.755060764447543,7.602231716362872,7.594025367834089,8.203590000062576,8.894402529286687,7.68631564582599,8.937684501515749,7.817579190938158,7.3413571194974425,6.945901899619082
Q1454799,9.271863589096675,11.407985413437572,9.630051871323513,8.88213007306458,9.573954900032728,10.003939693629862,9.334739674213191,9.79164663534635,9.543184778718668,10.489424020470784,7.932666640712849,6.718003735138564
Q9174,8.207141234069502,9.492796684263677,10.065129805792694,10.798675318188273,8.865603163888037,8.801959240544589,8.717966594432173,9.817905499092587,9.199261498445152,9.286149149944551,8.264991183048155,8.154517255669525
Q205764,7.529413810262887,9.275695580592446,9.48076432591364,9.0476258020368,7.2386363435125,7.815669058052334,7.7581781888420105,8.749632714643727,8.688464465861792,8.314765193239909,7.969136782423168,7.746882924056308
Q194417,8.351695986422513,8.631682841420005,9.721304323208367,7.172659186017421,7.498459549162386,7.893654178181514,7.6967505743598705,8.628336772653205,8.70642742259144,8.50828087410518,7.496467876198804,7.00657782899534
Q162362,9.116377887802905,9.15861457328317,9.76987849440864,8.319783947206394,7.310829654623568,8.116398696576718,8.033329278082071,8.240923335087503,8.466908294155468,9.68071553163981,8.537978372992477,8.390485945875467
Q8084,8.645793611457817,8.45976468107102,8.283920905793645,7.956801803200017,8.230217335546014,7.637926767153447,8.497615169859326,7.983975034541001,8.16140951019484,9.34917733799308,7.943883463266905,8.478092770179645
Q131156,7.4228540554905535,8.306053597195053,8.31417055916845,8.874946931174513,8.373485259621543,8.254290354203896,7.6190414563796525,8.366460914518823,9.703181325788943,9.588484535070005,8.3989794416702,7.733685553224422
Q11419,8.438813582084872,9.096781854870287,9.105618887091905,9.110060202624123,8.390533318133734,7.811551845167687,8.698285193512532,9.033778035165826,9.44054056292118,8.89118050357957,8.002433233296605,8.174411015661752
Q185576,8.568228847665171,8.291949353456625,8.47772196202976,7.816034447872576,7.8708729335412,6.546109355614855,6.96170997856357,7.327866143184934,8.14728565614265,9.557624045970751,7.807436981902662,7.40718800061214
Q82339,8.820491627280692,11.289843123433647,12.120262844659683,9.148125381202275,9.788188579964396,8.78790529890535,9.426369442590774,9.520886007335225,8.260939031167402,9.592550802528635,8.325850198756106,7.579721488669585
Q5747,6.690296906817655,7.512062905612622,8.493905072445912,7.3697860710860965,7.7712789373793045,7.729603290205173,7.251714210116739,7.660700628193664,7.936006521306839,7.838182190725862,7.782229513747427,7.961731315111407
Q152529,8.217265052970737,8.407006750273334,7.969987933902622,8.065335831086495,7.137361436979375,7.873408622128588,7.0358518145472235,6.722286605004758,7.928749545416556,8.737677183199246,8.191867516247836,8.173066701724364
Q81392,8.965929875139524,9.904002411438643,8.818315590296883,9.86947001030821,9.037829647710963,8.693104714007578,7.993636447432395,8.070345707419984,9.072251535561895,8.833331438878922,8.718871759621504,8.467670823992073
Q199962,6.6414084992357285,8.793949447206998,8.888085691606298,7.940949161678426,7.504030613668085,7.102625492436234,7.869796047819335,7.588062975494024,8.02504222544965,8.348747041992082,7.500116458672107,7.998404541104052
Q241,8.519316681214464,8.526713967791679,9.441563748995176,8.441045662763678,9.271590457904674,9.184361093084132,8.73472129025377,8.553613194268111,9.256116832885938,9.618159171978249,8.347878249987566,8.852073161181686
Q11613,8.840035230227855,9.083769355837068,8.488667383447654,8.772509595810845,8.395221207430929,8.817715274224685,10.049475368670599,8.765575064097336,8.848116391699135,9.459182862123017,8.277638571523639,7.726247465340899
Q193462,9.224933881991962,9.575940996125073,9.846321903565796,10.585968688604657,9.563794894187437,9.594236251984587,9.919533109496342,9.093180399806926,10.318240780572788,10.196160897042967,8.893987210953952,8.140533757633785
Q607081,8.485861757702422,9.030060124896313,8.87249757986006,9.013800669107448,8.37007452759806,8.145008779766123,9.063116694694111,8.11549376802192,8.818894646303876,8.087909094863917,7.56977901178455,7.294096421283723
Q11829,7.681856890093316,8.425845641160182,8.321781521048912,8.464045357536305,8.106834978966535,7.853606718135582,8.138350381124468,8.025800336332132,7.395445837754792,8.397570868174302,7.361794640493607,7.090893015116026
Q41568,8.509539155879027,11.363108610025767,9.539335502140721,10.150475679029295,9.159580476091937,10.304821307823618,10.198739759699338,8.884888981291057,11.427695365351056,10.10995483078534,9.17697363227292,9.063555351783519
Q186323,8.99741421737635,10.981967313070836,10.580184612888235,10.680611106593213,9.951206148493226,10.817382478952313,10.12052855365078,10.659124249484858,11.164171737739071,11.99054130454949,9.382321120788339,8.403826485333438
Q648116,8.140692192161323,8.625745862466427,9.270195996708045,9.234489001590436,8.913273074916496,8.036585484328269,8.536067083474885,9.100896465955817,9.505466453366159,10.536915987767665,8.826781626191371,8.007051930166764
Q4152,7.1847060504706945,10.309097891259572,8.837910899505978,8.87239010667893,8.04877163201668,7.857101452457573,9.005242181867818,7.847527654661089,8.449895215636861,9.768045332213552,9.841670866055695,8.229782927527213
Q57076990,8.873579214228025,9.123306406951851,10.509554658231533,9.58752208965458,8.158322027291746,8.474245725005252,9.26188537036815,9.717683792187772,10.723429880605833,9.352512015991755,10.668496202724517,8.664591563118288
Q80966,8.06860745236964,9.348962542377535,8.402182140566083,8.800744021981794,8.287336002599666,8.226224045534245,8.70896037139462,8.785793155518318,8.748890052195332,9.72993917676038,8.449296766296978,7.463307647633031
Q26303,7.931587363976067,8.120736385458763,7.998129448924988,8.614922839567818,8.243819340693676,7.653399800009934,8.819435676116942,8.14770936929607,8.206789628166833,8.77306584676863,7.582992174800477,7.64542447548244
Q99654,7.445049346930109,7.735545370257739,7.916507489347408,7.78946127630785,7.98952205487998,7.489261049643618,7.4500555155804165,7.317128659009852,7.808505720809438,8.308165882754244,7.41696541628259,7.642102339897632
Q217405,9.501316551748715,9.844590602143755,10.24694883178988,10.663085156527965,9.185126105334536,9.192869789545647,9.260100707366943,9.446251117418724,9.656016773326485,9.884221762405748,8.336984140512952,8.208342489942476
Q178869,8.838218563108352,9.87074755294855,11.046823449319472,11.288118150416672,10.395144855145176,10.00815280810422,9.712379440132874,10.608638934689441,9.6783620453125,10.18678601354905,9.265321269278855,9.251009940675935
Q49747,8.529313024848635,9.320422547301659,9.575633630745461,9.479648271110918,8.721937087079425,8.86851966750789,10.057576280748014,9.730920340648014,9.705437311095496,10.348490096732007,9.548586136235762,8.898137523715947
Q48584,8.614106241195449,9.665260537729631,9.135286649233155,8.920517919983899,8.1719205503262,8.43899133620613,8.247412608745568,8.983685681884172,9.75307350071275,9.634566910647003,9.852385549725556,9.143457275663964
Q72303,7.871645634940537,7.856922447947509,7.1856633731257835,7.4432359339823755,7.394771063994762,7.314655471295629,7.818891348782405,7.279114349369223,8.234182334097357,8.754805961418183,7.23891889336053,7.51924013116613
Q172858,8.405751349085145,8.31422861935984,7.835917349144541,7.742004178628111,6.826170249744553,7.804344505040447,7.6141630910215135,8.015612566788729,8.624497727696067,7.95843981557484,7.607963920859087,6.397361485678282
Q202404,6.4289270813313495,9.1872157612676,8.347364259465914,8.13179782125584,7.750741445894235,7.479664501706939,7.503795526914001,7.201779756557301,8.085651634211533,8.76910455435418,8.037242555957965,7.454187301513049
Q31057,9.191571060831585,10.221695810078097,9.15928672858219,10.090040158203765,8.3462475985425,8.70100264038887,8.895883133925134,9.062415535491155,9.72443306953168,9.978144533069669,8.477358279212117,7.402339315972479
Q237484,9.516678704865512,10.158718214021082,9.477388128430395,9.939550683639693,8.537939941205476,8.881443633310477,8.491405803018722,9.770737066730856,11.152631197554824,11.234090618619684,8.056740151253232,8.29615108727758
Q1138524,7.241736480581905,8.13788866364394,7.932465785235182,7.5583572693322445,7.122971424254195,6.28740327272864,7.094999681485253,7.4923255250153185,7.915823810821471,7.565119277224577,7.94470494936365,6.986620269505868
Q1988505,7.053162828553018,7.588344545761789,6.83612908508571,6.812388526435118,6.800634434758855,7.858445754336132,7.1446926319387325,7.1834069738573,7.756670965534786,7.935774005945829,8.39248259859103,6.624381499044332
Q139849,8.393180632939876,8.043612041784536,8.202683898410125,8.982039042712403,7.899157201660554,7.564517879667188,8.60016847908081,7.927294826126113,9.172030200619133,9.191938075419337,8.265137949800224,7.948380476189184
Q185676,7.713478777059386,8.380176969041525,8.378130685372362,9.212316162253268,8.912315703287952,8.179457298036244,8.629335100864242,8.597022804580174,10.02881940821507,8.940685062986125,8.446635242497157,8.934537919101736
Q352,8.118452486803042,8.86849041035007,8.703686156910434,8.634104283943712,8.025090745387502,7.859191211718242,9.147936730866043,7.999996985359679,8.042869220968807,9.102476370632973,7.912277365293414,6.609009858633411
Q180089,8.605602967269624,8.910191706770902,10.009274125232272,8.98018084473415,8.692198878043158,8.858549812027912,8.432761134095657,8.929750701566338,9.90284806967939,10.415212324051689,8.64883633937583,7.929769230491185
Q80019,7.959254068165668,9.17855031889373,8.729872366969632,8.401520650738366,7.675270372265524,7.818799740878129,8.083273331287868,7.8991068323561695,9.526110781323666,9.286615430337744,7.648819159940257,7.872012286732235
Q103955,8.244677721112533,11.954401783226881,9.621483299563595,9.509883930892572,9.304789277540728,9.836118094375529,9.880868125103236,9.504146545776862,10.756134048479268,11.819973442569136,9.714915680808993,8.662429841825137
Q202864,8.589446690165666,8.656729780017281,10.15313658375401,9.605652036222898,7.8582738493732815,7.424279511531997,7.729675752321099,7.928395591082594,7.967113859529241,9.515605565393848,8.30881200356267,7.3363198080205025
Q464512,8.649059845172253,9.650893158523939,8.79292745717216,11.51674076600387,8.912998192704725,9.444386542424843,8.958130090350881,9.36986893823009,9.751495602592788,9.197479809996207,8.921798665258468,8.27321241403064
Q47293,7.186111194113803,7.409035186903952,8.449883514957525,8.370732056503883,7.3139782512249765,7.581541433198136,7.530888029524299,6.918138154474121,7.919795502184175,7.942236491308052,7.427457886436086,6.567931500401568
Q210872,7.986711330792435,8.862358440448817,8.436181388166242,8.726178459307627,7.929317261012722,8.356666484597612,8.173331483467274,8.334608066605421,10.078590730523368,9.820810313455791,9.956049559417442,7.945390631828754
Q40133,7.907665082507841,10.23764150996,9.750836568136785,9.19609903521094,8.38248372574886,8.251287141268007,8.959008116428109,8.813519642427696,11.532127750406612,9.514887509803605,9.0120320683012,8.748501851308072
Q203179,8.876544166476375,9.605714780328613,8.639431421708393,9.165502768716536,7.495819242357314,8.03058546702363,7.8269652848703775,7.792295795278541,8.084029454592411,8.489744532826387,7.941064326036928,7.288367931722403
Q7013,7.518205365344669,9.24611260959356,8.884352186341683,9.055997699717148,8.614979328396064,8.673365384375897,8.836768415131594,8.971764170722738,8.841715620573282,9.045650627051543,8.673137529077417,8.23060841231327
Q5151,9.941449046833,10.233596363152603,8.954871898704704,8.663590321571103,7.914363536819813,8.718539549145405,8.425748655643295,8.184847441255332,9.209330955386026,9.05737390105984,8.07814441467874,8.086401455276214
Q185612,8.072195263825622,7.898842496431493,9.902592482578731,8.54716108949637,8.20345683810262,7.895814843583057,7.52447686900454,7.993350214054678,7.909704244901784,8.979037745309622,7.588400690541874,7.690754369759013
Q78473,7.045466871518607,7.459922011362215,7.685675998802124,8.331203268490276,7.468184103268854,7.2510085313373525,7.61594814009729,7.2310177609003405,8.335234883165977,7.908776582666496,8.210487382494039,7.410068408187973
Q11922,7.743384865904543,9.051558839306452,8.337127257665085,8.829423962388056,7.974796377734459,8.300737285991296,8.75518848339521,9.266504270840022,8.433104273883956,9.326992875493715,8.480595779571546,7.5025442419411155
Q207,7.663964759639923,9.039983538663284,8.37831904196167,8.286281002100225,7.986037835883714,7.6362151948578285,8.680620785570573,8.757228362563918,7.776272620495123,8.458171022574296,8.400689091277327,7.500929283332368
Q9368,8.155455473645425,8.339001547532135,8.924665950415466,8.977796306663839,8.111435202464307,7.497383067718914,7.981602192479675,8.075162124921826,10.085443884761379,8.304733759010048,9.123410690849587,9.336820452951821
Q742,8.353618762396401,9.564240169445094,8.950800660290886,9.69210342183873,9.153542574442433,9.457320931891344,10.237678359724168,10.864752919336693,9.964313764286082,9.606076903790589,8.818386030325188,8.5075704309667
Q44860,8.110379829276601,8.615972119581153,9.425353151270967,8.31455326321884,8.972711842862962,7.6666309891520585,8.975229393172013,9.401227580320969,8.969593957583662,9.13855664360696,8.034899979159162,7.757364401598912
Q11547,9.169296269629104,9.157109815805084,9.63250430785277,8.303489436474816,7.082270491155178,7.648184776955716,8.480499008125824,7.776543027946202,8.358899005996367,8.504021471505625,8.143545780001642,7.877670301793787
Q849194,8.593940913882479,9.282764815023478,10.126163199349394,9.481764905788904,8.305962787253897,9.119492019735029,8.575177704473521,8.221698949157897,9.866187634068565,9.854450765375454,8.259296028808906,9.506797271214223
Q160714,8.900115207699224,12.26278801745917,10.57526232740641,10.437415996647806,10.15695974475186,9.993678269451804,10.548773357485882,10.51147928089764,12.07652332230179,12.061258176073823,8.567615864941983,7.319691661954225
Q35216,10.137513566947419,8.641207166836361,9.772999894736605,9.857698158933724,9.676077900048561,10.275738285932068,9.53003914584914,9.542680321551389,12.133012019418155,10.298341028296685,8.156260558572948,7.839797639155748
Q153670,8.102998666878381,9.726790741021007,8.990392014482865,8.828098328435175,8.726310086593964,8.986162400558774,9.503508208857504,8.480419772075946,9.316049284259519,10.155199268073535,8.857642283936151,7.737474601489784
Q76730,8.031570457491593,9.354304863464414,9.25671762264078,9.044461047810287,8.35439997513882,9.8011836584631,9.039334184611194,8.703965000917384,8.10123994833467,8.697427835398276,8.20952086640885,7.973428842249871
Q164963,8.570871797696524,9.648429822196618,8.956389169846737,9.12038304059973,8.78407803988687,8.459632607456198,9.09503349532928,8.06408871842651,9.60849821483303,10.869130395466158,8.30316683619683,7.479555462747875
Q13634114,7.1542627386492486,7.132966477228175,8.475093651362272,7.4324858302249,6.45522203509394,6.372723592242113,6.737616086595907,6.943533802375452,7.082135152058177,7.957303857578806,7.291359005827782,7.045086724958952
Q47075,9.873084144523347,10.933256510562483,10.316136735944692,9.327401036890736,9.39838221847835,8.895101337518911,10.877202538000162,8.855027560707832,9.356510950282878,9.600954490449247,9.779923059845936,8.884220052763377
Q10435,9.058655175678739,9.387876672148874,9.321777450365737,9.274483858761432,8.90660916370045,8.779993796298362,8.728127993986467,9.154687726622681,9.723423251733474,8.457393791712613,8.583228918415049,7.964334860235218
Q78987,7.395576488621341,8.326593967608575,7.868032525241746,8.394714959509693,7.793364945114214,6.776786753522136,7.42222281093497,6.853387274340451,7.973288007865093,8.12841542598847,7.141906876067852,7.323592019755698
Q1022,8.869122107787783,10.15866455678704,10.400906651967729,9.473581336615688,9.866745955875732,10.868833422938962,9.500386990672252,9.620033009061949,10.882017165560109,11.42226039732322,10.047145433631464,8.715420714059286
Q47950,8.055484947328436,8.59011967419914,8.938618903116767,8.441327907300956,7.873966932323313,8.029830283052437,8.831199680726296,7.765281816778013,10.219543186053295,8.89933109354082,8.28116010045195,8.41616388809698
Q82996,7.821098619101746,8.159358537060154,7.6756876896471224,9.264119591319298,8.847859150802904,8.160335650685546,9.439576716470196,8.651588144096173,8.879613977142464,8.712369260016356,8.754373492316882,8.535859427501949
Q7836,9.47948907996458,9.863303099540646,10.01569999434883,8.575055118170214,9.317377280081075,9.905055502745329,9.054443383577627,9.280939527631977,9.53120640909295,9.531178078354547,7.966822924605388,7.6357741691471235
Q2492,7.8380548554954474,8.488085293929407,9.69210614759956,9.561343453652494,8.566010507950002,8.60961652750193,8.198538023464149,7.94276396966802,9.638765792197317,8.610281955133349,8.518268703141274,7.718652363326934
Q40096,9.749905257569631,11.088611826065891,10.4058784461374,9.094910732471146,8.504490177049313,9.094212816934743,9.46679745953615,8.98754755422173,7.9424706079962,10.021943896277977,8.775776826194946,7.7363971423909375
Q19697,7.883333467035765,7.66633239032894,8.519155272422346,7.875031874082188,7.2777157152172585,6.447411648811561,7.355901100414128,7.687435643399399,7.970073799671542,8.151145372720165,8.199777264509741,7.517293258726291
Q134180,7.805336835608767,9.169687744145206,8.715864476893302,8.351115678377706,9.414622836475107,8.826616850196588,8.894071781714088,9.244894394762824,10.861995516766955,9.643037830039669,8.23941399662017,7.191547755916164
Q327681,9.435552226888202,11.735991170626562,9.381744179816355,10.230841241986235,8.657156252083592,9.178858060336717,9.669309349635565,9.780814916244536,10.014474062010503,9.940976643066952,8.821708183113788,8.446742046112147
Q164562,10.405625924293235,10.007668092336422,10.231083740263582,9.298587436197694,9.40598831450099,9.384544650948568,9.500406384080796,9.022131542798672,8.864307140637198,10.484283171831459,8.638575334514194,7.498949014200558
Q124255,9.640490150621998,8.225025320873225,8.083250810034594,9.014105987019352,8.42097030760001,8.868578848751653,8.579630627910008,8.622090146550036,9.51223723416623,8.756205999744918,10.016014998108906,8.48152914837594
Q12143,9.115660302472318,9.052793274138965,9.115267620660273,9.92515848973367,8.855642819765867,9.567344872373294,9.219811334734022,9.44170181281196,10.919561021953765,8.928971166956206,8.630917409586583,8.42097434210976
Q188951,7.323108716074176,7.485781707835361,8.17946730490332,7.954727014642247,6.400368287288812,7.059960834218597,7.587735719808126,7.524453671759192,8.721900829376901,8.364665246215262,7.758648578345281,6.366804773573472
Q1042,8.779430771319245,9.628676046637677,9.037392575503272,8.880620546096523,8.164440499481012,8.822530197692,8.97151370220117,8.773265627746465,9.616575954561657,9.952846047264464,9.280098627715878,8.35936047824075
Q42240,8.421246746893441,9.373717938642558,9.022006787449651,8.789118192548031,8.1472638862959,8.946789165379569,8.722923434009273,9.338167683423826,9.03460262691508,9.460885781159261,7.08763817048631,7.892871932910942
Q199960,7.480463879283287,7.648341676859865,8.337323501491008,8.464452422624712,7.954860376945074,7.689547440074319,7.412263035830401,7.926179063901603,8.449333631850992,8.313881122567395,8.805031950780608,8.777484802836138
Q872181,7.828313584376835,9.376168447169288,9.023944546712457,8.026312331912312,8.440713603750584,7.791453240507795,8.534961224009301,8.347236127017013,7.937939471964564,9.371187878345332,8.625780773230977,7.304898459877446
Q7311,7.319073916375171,8.135843729326824,7.128155109829712,7.637542372469945,6.99757166529673,7.195647663965746,7.1353837905448785,7.234029075317015,7.501350123607652,8.138303913315182,8.11431603985203,7.420045231216182
Q31,8.96740379934199,9.775469996840776,10.073553057362021,9.123572608602931,9.439948823213117,8.193141437713487,8.460302669929773,8.600431694376367,9.658592358714756,10.084580760149247,9.229309043919674,7.792955840415564
Q80839,7.246341706951938,7.568969044898395,8.870267191066201,7.791462487054763,7.636847604898847,7.526482080338841,8.072441400542509,6.916721581122576,8.11127209404014,8.439789936064727,8.697954533249893,7.501485573750801
Q654136,6.925278940008244,7.629193715858037,7.739931402389609,7.5281619975221865,6.518980783631377,6.9724370872979184,6.369668184586664,6.621097727688869,7.360669907480271,7.912021295702074,8.996280092275237,8.227865618690041
Q162182,8.620697798249857,10.384967688862734,11.812260430622066,9.729037607529703,9.711843469561094,9.393390229641097,9.553844808055166,9.722641853567012,9.929508157099885,9.741956547713206,10.365576821850208,9.181218504985036
Q127920,8.700051388714844,7.455959317817828,9.302459287489292,8.726065032282783,7.3996353983051515,7.195249854460471,7.0512562897790945,6.987600130708713,8.986480709946077,7.258916210238661,7.4190688915110545,7.686135504890858
Q50716,7.883481032567815,8.452973223419027,8.649881126077666,8.602363713484943,8.882912871607402,8.291681458443968,7.93021670720309,7.76315011184983,8.820540826066186,9.232611152622656,7.298357203050864,7.059074229688789
Q382393,7.470084192054718,8.470498712514837,8.335162821695203,8.155037649645337,7.993000625139326,8.453698249817716,8.321335333807578,8.043134651002282,8.153919727940961,8.125788081443767,7.223218527993744,7.402772767689868
Q163666,7.24756214215822,7.346196573850087,8.775352363492535,7.779740341095999,7.32251281276654,7.151417132905423,7.0195655856102945,7.265801796655291,7.692946000496975,7.499395434667446,7.726043076892754,7.397836121258539
Q173684,7.750923632238823,9.187464785207858,8.767086803769718,8.749595570409575,8.119566065653615,8.278898205402363,7.94251980507822,8.351706536428626,9.32416612496148,9.471174232671855,9.326771279404777,7.460437043070121
Q40504,8.656401185395485,9.936053577752418,10.219519044580116,9.726403574592428,8.996471395839066,9.674717292602985,9.285773151184832,10.43145670598607,10.158172028670881,10.53355412055308,9.587104386430417,8.072062407151481
Q132730,6.002802233743363,6.2007310349606515,6.236403822992776,6.142287803558895,5.4350212779900815,6.123105958462332,5.551070650855605,5.715444015112155,6.041582557141726,6.220406523135018,5.9147131062772935,5.646842380819522
Q204996,9.43436123218257,10.155803255119656,10.061408050669598,8.226542750979654,9.912727730397117,9.953968505959446,9.401374929944234,10.362195002566118,9.672732743583298,11.023384249517267,8.675744462388506,8.334709797901924
Q22706,8.02578643490743,7.785264746212713,8.265245968552737,7.803546587836985,7.666610169813541,8.39342399981276,7.961873399206695,8.278376232432239,8.796098486488493,7.740278781759705,7.619603053783574,7.641883783710687
Q397,9.213389774236045,10.934421983166509,10.921261212999685,10.605357676474068,8.924084700550937,8.758675752278366,9.304620638793164,9.209757325182169,9.953736769612053,9.227025314119851,8.667255893756755,8.318211400153738
Q9232,8.435144679094272,8.889545930694894,8.709003150182776,9.004428821761897,7.850529360685983,8.165297067911336,8.09492375303262,9.148239531788763,8.558043804513096,8.279274498936307,7.07032910734183,7.878237614776668
Q3616,8.096302541022004,8.155285479174307,8.201744025381716,8.315316932035861,7.719575807532346,7.600870660481651,7.162440514789628,8.267491715468518,7.8149594348710165,8.445190466271098,7.129056516308247,6.705626903767855
Q161400,8.326425407508914,9.567231062580664,9.898171731660485,8.944502941551045,8.743703426740147,9.43870827352044,9.637016762435373,8.581192452087947,10.377534912252495,10.357188467318323,9.467385078457086,9.55529396347057
Q216762,8.049213727583238,9.702996978038188,9.219999266502144,9.0003967612915,8.020852163709462,7.632686846983848,8.906208160694918,7.717025340608672,7.91735197960289,8.538447322592862,7.745845945984716,7.630566962423504
Q189962,7.7653624803503964,8.800309707360734,9.015499250682483,8.170290167874702,8.277206361071489,8.624339309232468,9.324514620423637,8.957254835585742,8.422127995698899,9.29015508496422,7.756392107773648,7.829827407339649
Q2763,7.127856379559612,7.331504614440889,7.694600285470572,7.110514060664358,6.2857526920574465,6.499816947112597,6.160987700687799,6.446549686191905,6.131922751094633,7.284598118255992,5.976285850171,6.620132049422103
Q965705,7.049068730182914,7.293920522846192,7.237281372686021,7.202586872723231,7.0427186868135445,6.655116891153492,6.506767645611881,6.594032934417191,6.636423551293743,7.183868666312287,7.356304517669891,6.4282578139694335
Q172610,6.936479790271418,7.642207876499767,7.1310350252920465,8.580473350798448,6.352182059272466,6.2436401907247046,6.875359455961266,6.419366065645271,7.302833191843378,6.817244840662047,6.613882322214173,6.61828081650473
Q574641,7.999612166822093,9.193955710018935,9.401701101663768,8.047638568833412,8.352049627238058,8.12094335520817,8.10572760820948,8.051378725506947,9.867927605558428,8.334827932523387,8.504316408622154,7.998663393018644
Q456,9.918367519291143,10.329223374578401,10.00745143098278,10.80436481763729,9.491756157510192,9.660233570286442,9.073874187840438,10.55380124585989,10.847257158157475,10.699279781512638,9.345169689561049,8.32697958859718
Q461651,7.042010674633888,8.156549162344138,8.7762336822774,8.55948815856918,7.481465563369032,7.766999571928237,8.687829259220115,7.97682675698021,8.829726569195017,8.833142943227754,8.086467914777305,7.099902937820904
Q186162,8.286806695588158,8.405754548530536,9.469871289832831,9.147769089883196,8.29535881061658,8.372615260278424,9.029023682465713,8.489479104297278,8.944192228146063,9.32630147460343,8.995627561263047,7.273415148242055
Q495,8.61640461570854,9.326135933738833,11.359016677594052,8.839377735848347,8.642396534915232,8.593569437629991,9.023617776062489,9.616926459608708,10.444683686863025,9.643710128423773,8.405057184082896,8.513021116446474
Q1729,8.495156431671512,9.741566073627983,8.94241378765672,8.612355371929077,9.12713886061286,9.52064845506889,9.058992280804812,9.704908712965768,8.79154902008558,9.469139829637754,8.24713521710646,7.624111817676347
Q20484,7.714315403067416,7.946624236369861,8.250701294999326,8.074840555746743,7.988079434193922,8.442269152376795,7.395427888724011,8.373460459192081,9.300475101283883,8.504531620412195,8.111488159203589,7.992904529874929
Q134430,8.806351329852367,8.797166138355022,8.006770614359596,7.8704541901075125,8.349114349728655,7.823596117730042,8.77784601346505,8.424741772853926,8.826200495979768,8.4588633685095,7.21429121641268,7.03194834625111
Q34661,7.320765171483518,8.67918740921962,9.128408983057202,9.020557009878893,7.882029353115695,7.4620883122185075,8.848746151469188,8.126821626849068,9.914685236499835,9.391321547922235,9.190713996607725,7.775860025991005
Q242758,7.973603484376685,8.829282186688815,8.143883197339937,8.995435849384155,7.982586163632592,8.079765016304195,8.404226640528893,8.25235670705877,8.22135003136483,8.288536428501637,8.231024246251184,7.328342323293804
Q1455,8.34412095857639,8.754112196546398,9.245675832039375,8.088490370557464,7.867721162065021,8.198511176848413,7.761386544307892,7.220523181309636,8.640392959186423,8.879497749130618,8.506990462543229,7.758423573188283
Q187019,8.258804426123039,9.831526797996373,9.903702153539815,8.474172581435761,8.353616511616426,8.005868219054292,7.912894678210881,8.586948319490244,8.440677517172434,9.248748684621686,7.874640180961679,7.862258589635999
Q475689,9.044943471020321,10.332304726892907,10.660048944307523,10.396575561731687,9.253861465992568,8.602478730691988,9.258865832697346,8.77573096408791,9.784451576907228,9.606557670793485,9.299976247276103,8.803975552227813
Q124086,6.145854257727095,7.826068069577875,7.520161954228783,7.547579979208965,6.642767349216027,6.9564142401446905,6.617721231284793,6.954723621194933,7.4821428612085965,8.154726051463856,9.08265720966635,7.354689683661761
Q17905,7.5293355194271445,9.182945987955716,8.572513592913294,8.585044397642129,7.580564710117533,7.961433222235538,8.53374045727154,8.544987422675135,8.378935763579024,9.621070029887386,8.836649434613516,7.836166846209355
Q219237,8.700011303666635,9.994479579171006,9.040443608594158,10.314187467676273,7.964971838952851,8.429162359139678,8.270129458385755,8.441515879036787,10.22505681135862,9.341120209559305,7.593523191036946,7.481809534146304
Q72911,8.012649600933063,8.542045051704486,8.403146664011656,9.22556045642431,7.287268260891437,8.315493220140555,9.874373458636542,8.53603211950835,7.90421041107753,9.414333517279102,8.019767215544354,6.844402561108388
Q133871,8.476521250060097,8.267589195735749,7.887325673205752,7.800851858178698,8.22469718863758,8.309120315868267,7.583461256126778,7.879726087486251,8.862207501010557,8.567813634369756,7.041484189562018,6.786735205524888
Q58148,8.396646680273214,9.580790197552753,9.181082216712403,9.522539543605662,8.630948166767645,8.750450064649526,9.333839198781558,9.325231817452565,10.703065036935438,9.50162661033885,8.30140848570938,8.303520840348165
Q683592,8.807563624726987,10.714793910400957,9.611093904865468,9.997930030921196,8.71406503382965,9.307492614047549,9.555500546591746,9.16238911911218,10.173143151298063,9.592562513102155,10.585244105374409,8.587346692971344
Q710,7.881381739944532,8.39923623873742,8.019461868907278,8.246573663875685,7.785202913854113,7.682170558121889,7.878861148481849,7.86331681946478,7.9261019360249945,8.279879663941271,8.042145489971986,7.251737375550057
Q243381,8.428548482156755,10.199311365214907,10.222931988447513,10.12279562684346,8.869389218127587,9.399528791377884,8.47644454628153,10.285327966686015,8.933969452836681,9.427323460249072,8.684083941534029,7.827485838344656
Q83488,8.624836872831219,7.770727019615481,9.216834308212851,8.14426648080815,7.4234514948458505,7.7310192916228395,7.962821826822114,7.098553991576703,7.805977529966551,7.669884878331246,7.422447215619699,7.327724135300042
Q9161,8.15543600912213,8.756919720102468,9.00937214146266,8.702217184802109,8.378254237972966,8.692530718744532,9.068475079753208,8.719671011642463,9.391160810292485,9.23384114246493,8.567455924431263,7.624759588069679
Q427523,8.095647175886947,8.883123314313574,9.744453712698977,8.99096481654329,7.740430319980189,8.62933602703397,9.242349965092892,8.058837654041266,8.555846094331145,8.856379693115725,7.922251451191853,7.72676998652193
Q130812,8.978139486510667,10.762729155485927,8.894404540477701,9.157830933293406,8.928308900760902,8.980384581137697,10.105128328202664,9.373973170593342,10.064150319170128,9.349120493338289,8.515684011166345,7.546877105715844
Q3169,8.261624101752822,9.945410398113749,8.996833643674442,8.633581340412992,8.08246078516063,7.860403819352306,8.767853623530497,7.409809119412187,9.670120974968114,8.85485866966655,7.845407621227576,6.8387930843075795
Q186867,8.86955003726598,9.339604133907661,10.287625055115,9.951363382746994,9.050887644737832,8.46605160819127,8.59350506434762,9.0886549746452,10.81287642085914,9.943664317536319,8.706660196659088,8.499702875686655
Q19198,7.673384339035442,9.485414259255837,8.086942747098076,8.670178243294712,8.407624118925828,8.448918399995925,8.413082504937744,9.112140754064027,10.402803853814701,9.34423068089442,8.835306788319608,7.415648280427405
Q38142,8.992424504392337,10.89677654517764,10.846951346671208,9.310524623983909,9.108213735263828,9.193816222008032,9.587499104043983,9.559336282886811,10.286993790126198,11.093828833033202,9.485891297777803,8.643011665713923
Q589894,9.172106465390982,9.469938339398919,9.32847442009579,8.622051713829356,8.048650697121026,9.270310606869689,9.100448953660502,8.26836452334045,10.968435905275431,9.804028012224256,8.856972077194843,8.575204703166602
Q312325,8.225801224147261,7.1872192373951425,8.72325881733453,8.097267342729905,8.058080284488755,6.8675186572869995,7.255893748027369,6.751892035074966,7.110923225012628,6.8685833417899875,6.440995722847826,6.048593905205524
Q47607,7.534395631035162,9.433758382946667,9.388820753892109,8.305385469733702,7.46454588274555,7.876129616531519,8.29787447711862,7.700725349142693,9.244966888266205,9.480542365616214,8.344788309098165,7.530765254025646
Q904,9.841682637865635,10.58418004308536,9.672549109432028,8.89759330925926,8.849619568224815,9.38682988082056,8.591822764386242,9.406486348198012,9.187892487327668,9.604090441756743,8.732542423592966,7.588549948190877
Q37302,8.391483215848135,9.258173401185738,7.9362291740177495,8.834355437948943,8.23312563329567,6.480390689797988,7.175797186557158,7.235066882169369,7.553702684881219,8.128876175886605,7.332599979026662,7.52521171719126
Q919194,8.136505126993766,9.299983638107543,8.618429845108501,8.221817571418324,7.758252730281246,7.580036828744426,7.736351125778957,8.182626733376042,9.035114769054157,9.90596587605172,8.322147140180137,7.832405709354025
Q27079,7.3086784804158516,9.24928467593591,10.37984742867805,9.327335643292798,8.22422600787748,8.451400765704731,8.278517259687355,7.8550497994150525,9.963847580136974,9.245285767691342,8.204106141528534,8.381465973704817
Q724,8.906726198485057,10.547133056867498,9.902923331625802,8.989300657071672,8.850657001376554,8.481184851347107,9.48445020222854,8.334798425537397,8.50551867017205,8.698779492662416,8.732516913964277,7.649508077565611
Q458629,9.72277804074961,10.6294806065413,9.217133852336437,9.614532542570428,9.74274844466807,8.789189485995411,9.16565202895143,9.268959313375243,9.221045647595218,10.232534825914128,8.478156597965043,8.66728474299603
Q133622,7.651217945764581,10.622951665312002,9.92654364688477,9.303478318719264,8.943467409099707,8.390373106027079,9.783726409777874,9.48995532291307,9.812826578874452,9.596426124253652,8.960009265169864,8.275747291441933
Q445455,8.173446563420654,9.163559728067607,7.902094296584199,8.01250164297662,7.957950399999836,8.683685986949811,8.623975179656659,8.963465931473806,8.75308028456109,8.162656754008845,7.558767803573664,7.5949867755906135
Q11455,8.880539454308144,9.857813796835499,7.822803882274252,8.84546184609668,8.313811685525033,9.475107411118744,8.09872310067992,9.27138381174026,9.173197544010605,7.645265510264144,7.9323908271472225,7.841744331771789
Q203937,8.823400581005723,9.867995274228432,10.154997826934652,9.996653056500863,8.514261648841163,8.177843947837985,9.565956342187395,8.760027956922295,9.517440897718684,9.655260432743091,8.594190981407293,7.793283450798094
Q2042,8.28839537337869,9.339311834867132,10.255530420525004,9.582464213033777,8.401753036784596,8.771684132207298,9.43736858107501,9.178789126206235,9.757886452065994,9.242695348114705,9.15559114465129,8.44164484676841
Q590252,9.287304351283527,10.954934833620067,9.416127200394492,10.631757975649439,9.288172205335764,9.839322127645568,8.528292469202428,9.793550492892981,10.566394649686249,12.765693562968275,9.92089454525006,9.163278873646359
Q7742,9.475295656117249,10.214137814325872,10.095029681741675,10.301779670076963,10.16560696264774,10.619212484387464,9.608040351289215,10.03112131605719,9.664107896969398,10.205739420443875,8.287955900345752,7.686369790432384
Q140,7.73693915101981,10.3088001396608,8.565688210727991,9.372062618880223,7.523399402306388,8.258118320971155,8.710066772054473,7.9279235823170735,9.023538811532534,8.96783392170503,9.210869244002865,8.627078205883324
Q162719,8.069089061159596,9.556091314309882,11.182513090694862,8.986567141064842,8.139572427154796,8.47313676408397,8.560683572296183,8.183511505239402,8.08208587331531,10.006551822875279,7.598768515594169,7.513131747716142
Q9215,8.005920518106507,7.421347222567648,7.91148000049025,7.972222292700815,7.68842392737938,7.284326885288389,8.695285528601529,7.740852296941661,9.357019728370044,8.549951301965786,8.419006616074443,7.2691578471331555
Q9158,9.138159946058243,9.602190139534569,8.934428466044542,9.064835269462161,7.6294854228699345,8.270528559091357,7.601201665110748,7.995724775964978,8.429744309849882,9.001665387964954,7.950387348487532,8.226540447144323
Q44279,7.3717287505420455,7.523513430416681,7.444654463455671,7.620193988342475,7.755759757528114,7.812085224219217,7.2808257797661815,7.745920297315687,6.9648685884258725,7.655625722482188,7.377270628011654,6.136952671331929
Q134435,8.570674018328393,7.829000638845092,7.483466906183432,8.11497366448463,8.174940059442985,8.056999456484569,8.509057846446597,8.644281674475382,8.923559419299583,8.711274616274322,8.572431627301595,7.9914400345160415
Q5806,6.2210274541141555,6.653147368327602,7.145803691345082,6.835592914579621,6.395966626458546,6.093443878634986,6.37208753247039,6.600688585146881,7.1498338352931095,6.817489665098753,6.787642024743056,6.2809782657564135
Q200253,8.952390520594298,9.4296943194162,9.115892135343936,9.04435969515917,8.452764330552014,8.492656993707081,9.086210980242525,10.172445719495505,10.225595353342811,9.05605050950752,9.006800497021553,8.752969869871018
Q59534,9.128153984186,9.840673530928166,9.521135343487233,8.950094246892691,9.288437920643126,9.455941362905637,9.48061144448868,9.03420921749152,10.381386454895452,9.412386447527416,9.302997574689373,7.801363079680709
Q164150,8.18004515914815,10.084747768618533,9.522578562789816,8.725608815012535,8.094226148603076,8.960706794902228,8.341315663833115,7.9228475707611015,9.505003921924994,9.212792792566104,9.134468395986087,8.259627281394355
Q143447,7.061853484453273,8.645064357892533,9.379647753726914,8.2303116027183,7.520560450610157,8.479362108243336,8.109064028031398,8.158685618890516,9.302845861097659,8.988835491630649,8.169712610753406,8.113776847004003
Q185802,7.9361329880809,9.752291061616546,9.543620679777941,8.488667121471586,8.369292089538716,8.722935351471351,8.910418720869137,9.037239887079563,10.763339498709122,10.064949566866696,9.516223185545302,8.335741411337128
Q723679,9.60445993834698,10.158679424988582,11.585464803828213,9.712494445881868,9.389294550589486,10.036953006564683,9.362807366817812,10.769470221472348,10.07078980570805,11.354278825063647,8.569540141158894,8.019493294990204
Q203868,6.88749920517961,8.067654610940808,7.860004169320065,8.165883760073195,7.982502947679458,7.781585967490392,8.113746522404835,8.556767736000587,8.536805585816294,8.548715759582867,7.488417984366437,7.426978363394258
Q37105,8.466040703392933,8.303426421604152,7.890290065903759,8.303534471189401,7.562122459926099,7.801872763759402,8.497466119060576,7.59536922736785,8.230189365995084,8.509532885625994,8.438854888337756,6.76270456861522
Q311368,7.576847432916167,7.718480120296013,8.224255476240593,7.88721062381164,7.678680142945465,7.380891653820292,7.6935823523956985,7.413586333130045,8.150246549863768,8.440961027893739,7.827355528472096,8.683629547786081
Q11034,8.106232617692347,8.163514221295284,7.855695007066258,7.63711744728653,7.964347883677884,8.125740663146136,8.290991877619424,8.287688325240277,8.688901382543822,8.22938087060794,9.442111804561714,7.15588009441262
Q1867,8.971289598700565,9.216741286796402,9.170922427725566,8.555453780770613,7.735458759642816,8.09838418631667,8.04908010796841,8.664696796217727,8.038425968581498,9.054409951443885,7.861096292733604,7.362306471348546
Q23548,8.529823823535503,10.264128051697817,9.733448573897316,8.268723436805953,8.128752150841022,8.184443606900395,8.550919848538042,8.583304961869684,9.795834410186645,9.549649859675647,9.032787657877886,8.613112675508242
Q153858,9.200461564441149,9.911496295742364,8.733555455724986,8.292629507634663,7.9430654788134705,8.620113246224781,8.204436426472547,8.029200227889946,9.393703454966532,9.434294225958167,7.5063264943745835,7.0708495203723505
Q9095390,7.871760603942104,8.708502594862873,8.156220518941455,8.774609026714836,8.031714915152818,7.229645593108821,7.464211825907185,8.307457450841449,7.997687777697945,8.67446102906887,7.9508718057085295,7.161156357011882
Q12131,8.410906064905321,7.607898103418818,8.326018173269624,7.30197804336159,8.085980450055583,7.339601529722295,7.877532234381861,7.470932240583121,8.55325940390543,8.470672749876277,7.152606958372027,6.938913110298787
Q176848,7.524375801005834,8.44389004364163,8.059950112947613,8.497128691375604,7.566869226224007,7.845351240777853,8.709320821806308,8.341920035068576,9.014712861039259,8.838927220909357,7.695044985557091,7.952369309043789
Q53001,8.334264403116835,9.459719285204665,8.453638596756116,8.870229868287128,9.130399327180939,9.585085812719464,8.951986665437577,9.218286436891274,8.13916540765894,8.334665826995257,8.047684076788563,7.209791845057505
Q641196,8.399511308313595,8.107012554347941,7.968344598915892,8.569153617283739,7.440382288623507,7.314252724702048,7.278859573398729,7.541353092641152,8.280008631217518,8.043769094474683,7.682071407494166,8.145353176605648
Q10884,8.602940341341997,8.190419389555535,9.55961293290983,9.67172835630143,7.921140333830653,7.2690593052810755,8.171839036924272,7.424367435363479,8.775448097511687,8.13550532323841,7.853629832394946,7.3958476284660915
Q316831,7.740926241167673,9.156246196113138,9.110661498231718,9.682905710278723,8.678980553715082,8.793632407947506,8.705066229724757,8.370980636723349,9.040053280174742,9.207588646954646,8.362792305093889,6.794076495154322
Q485093,8.75369205220597,9.07336044189282,8.78981930577429,8.066853020295696,8.706155684685747,9.187226697632678,8.28944382448043,8.212487043219546,9.804911426731858,9.699758492753253,9.185899791360704,9.127880304339266
Q483027,8.734918347615494,9.595523448023426,8.628753828796038,8.817838501416452,8.014672781325016,7.6211208236123875,8.054377865047936,8.041471872648533,8.06182077878177,8.177415003496664,7.677875677103669,6.852859524425671
Q9106,8.379782662727386,9.904732464939224,9.195884502746505,9.978178972851993,9.40127268002823,9.706385979554492,9.291128021437052,9.236340965161851,9.0203123146929,10.223776038087458,8.944239110239723,7.685069730427557
Q238246,7.638909114413418,9.042305706779278,8.204910016456525,8.972186331630272,7.989485559347758,7.482241269622649,8.57087175125966,7.48330912417327,8.88192681601084,9.347845703436226,10.006752621895366,8.283655005807251
Q40843,8.395972378469416,9.486353582298126,8.738905479967928,9.64957290527278,8.979599957771388,8.945825490856766,8.283895292000528,8.171542596881551,9.524835604384005,9.855480601190445,9.385309987627839,9.608577914236305
Q1943,7.996033595088375,8.95197984250117,8.736711684987462,9.16075610390194,7.386622440915299,7.417403051389529,8.034308425302699,7.71251351247475,9.827311032041354,9.339610386312414,8.686249207352256,7.782639693566785
Q199771,9.012418644352326,8.887000800632359,9.299806151788742,8.5727154160052,8.387523895975516,9.054278755897059,8.736724548447485,8.7125925249506,9.082395615343733,9.044606360082334,9.184262255253289,8.636576992746901
Q4612,7.97818451386252,8.707232586889598,7.8250893539417286,8.11096358155646,8.353741182965404,8.75089322665819,8.616524486768787,8.740524714048554,8.686790604547054,9.240252090920677,8.132975809365433,7.305160464488537
Q83186,8.949667704604401,9.945533852145354,9.941924910229849,9.482137508048648,8.3858801403766,9.20315330999559,8.304644488538925,8.273654222269055,8.831766028805857,10.925096618861255,7.9969146557019615,8.37469040771392
Q582667,8.2185142153368,9.41168913197026,8.731442089072855,8.796698629132313,8.51437969722282,8.31047054669268,8.249830381041908,7.583544786259502,9.209792106262897,10.38230163887051,8.356114284579988,7.731693743479891
Q189783,8.020168065307198,8.610416934295989,9.052911706071844,8.177291663313824,6.850950650740286,8.179222754313482,7.793547891315014,8.16255509267629,8.144260668958696,7.402801741471606,8.62143514785674,7.307634030769237
Q37470,9.708987404548996,10.198124565481603,10.002293631011028,9.382585127354572,8.891876069538709,9.013021625813375,8.86572526941333,9.069285302122296,10.71443442302033,10.159516782878741,9.02044757037239,8.86767615014787
Q170480,8.743302653889444,11.895454874301914,10.834522945609095,9.643789934082584,9.464987886175637,10.020202657250298,10.212283855261346,10.07073323082428,12.342972825279366,12.000948296367525,10.202208681508838,8.438790372557298
Q312571,9.064905548978283,8.20266382339825,9.117450974172861,8.294209635449583,8.082371441896985,8.125268719533684,8.905272205198461,8.656120121342056,8.681755526661295,8.93503627912052,9.327304814002657,8.024660368014521
Q25277,8.06434043384483,8.721479505356623,8.893503350281906,8.845315317146905,7.81333862042655,7.825980044835411,8.334803227809763,8.26871576733169,9.41916716825027,9.250336337084576,8.550110635794145,8.741301325396007
Q217073,8.654461215999092,10.398827610545395,9.458781970522736,9.889014222667255,9.18267188651851,8.817289455400923,10.209031884621918,9.478575691929613,10.667948834358825,9.432887947757303,9.16979387051706,8.452938848552613
Q40317,7.709521789747232,7.6257501621800765,7.838050677907997,8.311464748721125,8.111247749772787,7.285997562732988,7.85674500266561,7.744428032445246,9.224069628694192,8.114899470275422,8.573367384362717,8.052022060525685
Q502781,7.531312421380173,8.9067858816805,8.404464122248806,9.087040566486372,7.3500881056905785,8.36916470009727,7.428140552381069,8.06286286360035,8.696197237835213,9.012629150102414,8.319450074091822,8.79053422270106
Q740417,7.054645785784638,8.037407990535169,8.08321296254327,7.2744064642223725,6.993663434626216,7.125929029781644,7.12582433210522,7.336821805208645,7.66122590656138,8.008759814477378,6.853412204312915,6.728633631460583
Q48277,8.780314593604674,9.689082253735856,9.085257198360907,9.625646035214656,9.026524536562816,8.213405475982684,8.377160341732337,7.610654454584415,8.630077791749459,9.17417163285026,8.353211329109058,8.677960626488295
Q48438,9.15243169966336,8.497359341690334,9.209618190124145,8.843515663929432,9.527127034768375,8.784724409372982,8.79213405065551,9.67497824529317,9.297546484046602,10.411632347106273,9.602742813769243,7.615995410142053
Q103474,9.208167264583896,9.716633818676316,9.895606082838206,9.02644961520668,9.34813430121979,9.908483589914438,9.901360063319151,8.990011404030604,10.682942343201873,10.743342871874315,9.111559772158852,9.213511066810552
Q1370,7.790778617333271,9.2382388684255,8.716499650549506,8.10984459320425,7.8214540931835534,7.252423313758844,8.455286548814518,7.319718855275376,8.321754251349223,8.185915824742185,7.9576743722069425,7.29965933199092
Q22732,8.73550326870995,10.305671100127393,9.858140768004175,10.674231070776031,9.505710933617866,9.220242444968545,10.300982110265512,10.357621984181224,10.0522487734995,10.895450968009671,8.272379183361336,9.398772188394217
Q179530,7.385177708875526,9.497140654536588,9.496116985094533,8.983871152449645,8.17058459964312,8.8679150495268,8.621353537698388,8.680467102749237,9.381668444661958,9.31604246913233,8.182489277237057,7.753787802818611
Q148,7.839367486768512,8.155910463694774,8.388960372980149,8.156355917525921,7.521074124720771,8.03619287677335,7.567817151383177,7.694472602269699,7.992398512878947,8.491677338921649,7.633826164051714,7.139305336485794
Q323862,9.188381237631427,10.117415150605533,9.665209776392057,8.815352158525469,8.995599710045415,9.61287757973647,10.43817957622105,9.237887301503894,10.812603293133073,10.078381433030009,8.284803054358301,7.387574344154833
Q12892,8.89563015502059,9.631674511473573,9.584027572599718,8.888032053771319,8.399735292635834,8.819563325233062,8.975070180666602,8.86309820718152,10.917847718868968,9.473763248016938,7.755054431780403,7.801196169033294
Q191564,7.490626896225372,8.59313222455105,8.529963160157996,8.231129926721563,8.016169857916424,8.033283864002296,8.315175011168142,8.13765377370083,9.193925429565487,8.384770836357344,7.838955762178426,7.9992111470248854
Q152946,8.353887290562357,10.215785443697987,9.829777326584246,9.451714998214216,9.160961215602516,8.649374339186059,9.04110484604765,9.19405560748467,8.784807393715742,9.671390837876487,8.48419716417556,7.668811990044575
Q229,8.771508577047507,9.654160968849345,8.211882518238603,7.892457711010386,8.121618834928165,8.533725019464127,8.330225843161827,9.169025203267772,9.860363340964302,8.110672862597658,8.676121411536915,7.515762419130191
Q33788,8.036203612772448,9.248047835514996,9.836643688429044,9.387405523240053,7.8453506015640935,9.078726523175172,8.107768366152381,8.73013806821282,9.47407240409295,9.189515648444894,9.473459734071525,7.879910184098709
Q41403,8.159680384739076,10.714428894336779,9.14213518621278,9.415546486683438,9.169202620777794,9.378131924317724,9.124486015313273,9.821340069906514,11.83576284594038,10.13131097787396,9.584374739069482,9.052195810502578
Q8676,9.105628842662822,8.025119113102846,8.599663823866813,8.065008525296902,7.92415461634151,7.273068662796534,7.357990332575776,8.053254325708473,8.823765963689528,8.672671876259603,8.419974493614857,8.549608598295826
Q168518,8.775737153138712,10.972263140764818,10.720180115970907,9.530438967576972,9.00152266364152,10.915974306432297,10.264601914913971,9.412633112286418,11.015329183366022,10.200542049647604,8.824322455554285,8.200953184053565
Q178243,7.766595767864771,7.992759006469755,8.807880903388133,8.596798436974318,7.6439032544196595,7.614565965487555,8.153362573441731,7.899617722687865,8.666664471745811,9.150776427992437,8.26077432798208,7.77386445235906
Q83341,8.344925142845414,8.62720003229579,8.63473034580564,10.243625070054465,7.800163826997386,7.650706523774837,8.16712279498306,8.095945873724169,7.515308508010373,8.151416321955688,7.641774141228646,7.152209818450851
Q107089,8.630839881812982,9.280204150096834,8.427084860503744,9.61291299674707,7.879776872529662,7.3382280723815425,7.83768999419254,8.270308674380136,9.236522500592004,8.924108303510891,8.069609266373988,7.622948594060778
Q101384,8.767960322762159,9.503028379133628,8.558038860084148,9.967231385559355,9.154608030357172,8.498406321415441,8.913946799676745,8.60649051204291,8.926819655579614,8.29069938004506,8.168340419563961,7.626141487153067
Q156929,7.450458145887754,9.94893220690536,9.021735628875449,9.720393249634116,8.838946552079378,8.732399740775332,9.240905028880162,8.39607005758037,10.10070033339201,9.935156266140543,9.310106974223066,8.163395634447193
Q320389,8.194691327784918,7.546701642229325,8.132881909282474,7.268912787515038,7.1600268067410555,7.706211558962646,7.343750781643222,7.603467184592294,8.016302631574748,8.07719581927773,7.692481530982799,7.184948984071059
Q7191,9.145335483747044,10.642929079758252,10.276166812775001,8.828892456554167,8.869451720916599,9.97707364005062,9.659925105805279,10.860208738739392,9.343170749196615,9.329382538160791,9.55857025636534,7.746945238455817
Q1122789,7.443532988108241,8.960946420531648,8.260129814891087,8.09978086780602,8.418635519362825,7.698837439618348,8.341145312012236,7.718190006488926,10.386942657551925,9.35673538306945,8.982836934255248,9.52877533852257
Q313323,8.406244514658665,10.434990117188107,8.768153444977191,8.14061345293637,9.12635628644034,9.476257816937425,9.225717541467686,8.972238571864715,9.645426585860776,9.651339132707477,8.453444620939868,7.974917594725386
Q418,8.322020424489795,8.904218085287367,9.134431949673413,8.659465332794401,7.964468373649171,8.147070649244794,8.70749876704422,7.173577679582572,8.174335221028874,8.034948356230629,8.399649030133036,7.335369576522536
Q58734,8.762580222766244,9.06229500671614,7.657521646326516,7.671883165338223,9.201783824501272,8.643827136118306,9.008394378647223,8.429674373888593,7.701951344080339,6.946365618855991,7.954109061430499,6.7169071710938715
Q1057,8.432111672210665,9.173580010117645,9.888656282105035,10.299086401611799,9.121679450282477,9.000610427262988,8.912918404763982,9.032429491956664,8.484125978666126,9.59287900692724,8.222284105585487,7.771816640144689
Q13580495,8.127524950221172,9.164622147805746,9.47622302245156,8.537297382636856,8.194415911247022,8.31901120039637,8.944197239589055,8.884551510135426,10.275047385279136,10.57758967247082,8.595548621399262,7.307257047175458
Q10791,8.659100919311323,9.25815671734625,9.646346044807771,8.815861696814107,8.690349217792823,8.668785890049548,8.530600298517387,9.132584259761252,10.179500437597316,10.095187501382222,8.404620247085488,7.095773088496893
Q202558,9.436447907547738,9.227898632975316,9.180719960917752,8.676617187600181,9.070900399757083,9.50840476351374,9.013802727428073,9.659518259850362,8.981711423111685,9.898428630356252,8.22840057010679,8.315534910547553
Q11365,8.866480665810773,9.577747044640267,9.927188480884018,10.075879711437386,8.885119428342561,9.209308329320251,8.910539248703783,8.642764267724722,10.19960684425728,9.815964350413985,9.530205040073259,8.377527963688944
Q45188,8.398880013965972,9.236908436445715,9.086624365374881,9.522047673879777,8.930334629998491,8.709291211019044,8.994964613898798,8.60305027474016,9.415486030777647,9.363593933443429,8.446324080962183,8.096520641934665
Q967853,8.438523789175086,9.399219982033989,8.679442200828618,8.857410337535272,7.958685815477866,8.561414764352996,8.636588505693982,8.725682558997052,9.102857747351486,10.527487366285442,7.763607470091002,8.451519186837903
Q470674,8.268591514216423,10.606787734477127,10.088278701579577,8.107819058754542,8.416262309894494,8.85389931360404,8.715864390882274,8.48387518485136,9.019202950925406,9.5622765335304,7.757453280510533,8.301833557353817
Q78491,8.632010536738361,9.877002580318583,8.803754053192389,9.598409948470076,9.412378666367017,9.039815611557064,10.078166985928027,8.631424201449361,9.047654172069354,9.186290064531455,8.522114419103497,7.300577676155221
Q108260,7.993250612522971,9.332068209909451,9.225197187392606,8.779159331731982,8.562446118743152,8.851298972994707,8.56367179016169,8.424666526301351,9.82379612620063,9.692681091367156,8.788798499729085,7.4970486530201566
Q1930187,8.635978469398399,12.009353983504178,9.688200850786707,11.019080970750318,9.864453794019418,10.185743172916947,10.197799302099101,9.622583050418328,10.15715749852025,10.089286298374299,8.26775371696725,7.864185423746905
Q170980,8.556804305356104,8.907559352551173,8.686609242866568,7.985355458555706,8.209012270953519,8.097524674842635,8.363431676578855,8.117775863678244,9.618533633721395,8.862919829075022,7.727863628765989,7.819671313827695
Q683,7.836795781457706,9.86610270190835,9.346777614274199,8.84378201986204,9.547308841825654,9.797369827226671,9.580023439419023,9.670543537067225,10.356433728150126,10.96011716468235,9.125212910463388,8.561775903931801
Q20823352,8.08500027422765,9.106015791110718,8.398892270515661,8.022676187428925,7.189695774536434,7.388970650857391,7.897432356779134,8.165777366973812,9.2591458675858,9.460727747765977,8.682192252815213,8.25220783774708
Q156137,9.596568252909153,10.375412360217398,8.92777666401534,9.383004697522804,8.416301424546885,8.819389034554327,8.618909939912573,9.080969022831328,9.267590260150262,8.205491491224498,8.700423546936001,7.868935933329182
Q36050,8.61312276704975,9.08694543522317,8.004857149388245,8.704726593154065,8.751369413012762,9.415383337658424,10.614892596926069,9.592203204679919,10.279303058886136,8.247138614841232,8.692742573959777,7.831743892030334
Q35856,8.082001795207036,8.076952092861507,8.040626720047399,8.455477824455341,8.218826180804054,7.069250711857945,7.891807673807076,8.105619488332586,7.864009091408537,8.318934537206852,7.192248976563577,6.984630858110274
Q203705,9.04276826398575,11.374148955827934,11.212506798906269,9.964967503605456,9.087512223254109,9.229218878291944,9.054426980230687,9.657624477210758,10.413869547215208,10.690521418129954,8.529726585588163,8.393154287344778
Q229121,7.10151266062509,8.102709309306361,8.635144476928375,8.269184038711263,8.129934964313096,7.642433766922667,7.891962534219376,7.49783015791415,8.052141133543307,8.285236461828768,8.39853261071841,7.619249874106034
Q29588607,9.37565093995297,9.552117345091311,9.760932843399104,8.640096136472154,9.761656804907787,8.62372392414157,9.442980591167048,8.444106345540604,8.487809746042322,9.704215334513083,7.87742066779931,6.697375016408891
Q79867,9.668171223402712,10.143304839748344,8.576947552657204,8.098394716732647,9.24087895869156,9.550648091216633,9.918445851445684,9.819230892725054,10.015943522754919,9.926045498120244,8.814139774881752,8.822554669616338
Q123102,8.043531134491474,9.700971756033375,8.195760718532963,9.42854496473616,7.628534007934428,9.086847016231772,8.843484010601255,8.378356456414894,9.656101663188199,9.282857708812628,8.376809715167372,7.913116965186425
Q37828,8.185975067659706,8.013285559678822,8.07905369670872,7.880358577714443,6.446397416073588,6.789313047973585,8.013399370305878,7.881307532848221,8.122329029266922,7.856932358516607,7.885149039830936,7.904450348833486
Q14334,7.6720119542431195,10.774141619754564,9.408605913365855,9.677655974997723,8.52545311087585,9.051261513655772,9.468384764937944,9.46546273742641,9.929792508473547,9.471440203969866,8.251452527239413,9.43108895326136
Q654393,8.495386810325993,10.357735807219171,8.479982618821369,8.781719371776841,7.654704107711277,7.698942402920265,7.768443760372408,7.535299669946928,8.2163831566847,8.497373669841657,8.150390572078118,8.5774906498524
Q483639,8.085485545017422,10.245371774614872,11.10013863379576,9.527135236305684,8.771720726638799,9.032250212747192,8.886769345785314,8.345357974255204,9.723563699051557,9.38925686182088,8.780805784029015,8.383846741845037
Q188488,8.336414439624063,9.099260645982014,8.566924972770039,9.01573659956787,7.8456462439214345,7.709352257964849,8.251025954982834,8.434975948985977,8.97812672886305,7.989705293236074,9.328951404844403,8.92915534120622
Q794,9.059460460707548,8.405688746563802,8.193591774200105,8.956489583914149,8.917905206834428,8.088590667255302,8.289991701154985,8.812213089372795,9.145559105271868,8.95988200615108,8.557033570860407,7.994051206560492
Q28450,8.389345336451266,9.017196101898689,9.931190691045526,8.638612762962872,8.957888295624603,9.270463745109911,9.236474457307814,8.938173504462505,9.258758616090244,10.721913960368212,9.703664173344679,8.571741646346176
Q60039,8.400489690968032,9.149448158038817,8.807025581301705,9.73243577115618,8.682573559930105,9.94301086994378,9.282074331745775,8.84542482747831,9.076915696185653,11.19954512543864,8.312616308218484,7.641596732717793
Q34417,8.791284308553996,10.57383209834735,9.54847780424113,9.601529923339035,9.639238087507373,9.869335162622924,8.549267678044448,9.719207807012548,9.148626285641635,9.046363459284406,8.052668080853833,7.552784586279406
Q189097,7.966904464868129,8.774738542689073,8.643340683832191,9.29012341311741,8.13654778828883,8.574394902807063,8.222755474126165,7.695631205472507,8.87489945331296,8.542932138454022,8.330298853652106,7.958435704584768
Q186277,8.45614520368678,9.137702415009967,9.093374967359587,8.893886410347816,7.899069253408537,8.219946900586512,8.466971894420604,8.259615755896487,8.767825125559815,9.338866506229637,8.261475233930495,7.495664641303971
Q407525,9.47723831768005,9.641367149007174,9.045524418628437,8.38127949214671,7.590830520176312,8.060127469808423,8.729007172969496,8.428544284339035,9.344383246799199,9.831987815130097,7.653098655205722,8.267964222958405
Q180326,7.003897636754341,7.384828319875959,8.165116583147544,8.886556207065103,6.951949193006741,7.083434906697114,6.537561657852281,6.3675395550471094,7.75193274567488,7.363005226257194,8.073224875915713,6.9526340662136885
Q393,8.029392403664206,8.863551548422466,9.0537574266189,8.269219078590064,8.733591343806928,8.448043458138821,8.82329434461903,8.827254723364796,9.88388181531439,9.726063544097965,8.623678069872451,9.987841923870741
Q37122,8.771395197787893,9.494026222111907,9.759688502575989,9.69169109682406,8.471482612180756,9.71766199726074,9.151445413848814,9.145568477605824,10.137048652002871,8.865396517330531,7.754875361690448,8.470144153404089
Q11628,7.895680223583964,7.860758588440114,7.778234305859114,7.2804737332758815,6.750994256243939,7.030954489498805,7.311032153366087,6.772015520270039,8.478408896053272,7.584189673984376,8.400759100047432,7.554439522069525
Q203684,7.953837027356018,8.45417290844767,9.595968837069922,9.822526588427303,7.452496121426463,7.969575142933382,8.051868681335812,8.956190245414298,9.202955792211247,9.792949986265851,8.794448357139416,7.401474718078834
Q37147,8.12222791391227,8.764299625698875,8.821923671970723,7.611694822231604,8.464217723541699,7.9531470765309065,8.704901823569598,7.971561437215121,8.05267251042894,9.088955865744753,7.884609593956934,7.701425378280332
Q29213,7.044333261456468,8.361071089908247,8.593588677803126,8.049048511897096,7.852679347276483,7.801327427595647,8.408151202309726,8.214064967307415,8.253139229522992,9.75588089952138,8.374245991381672,8.101173502488326
Q102836,8.413493671147318,8.68683148554613,8.561302264970616,7.640986563718539,7.541980548796343,7.819098428430805,7.163468803968293,8.479308273309266,8.129590570757278,7.811287385866312,7.659827120728335,7.107549560661036
Q1617,8.441136476010364,8.980583911180473,8.604447431537997,8.174974462746047,7.817078313029224,8.41425795686458,7.411083853779417,7.636865186099848,7.5639960279652065,8.600621091521525,8.366936848721247,7.768782816933685
Q484534,7.273711090921484,8.166458096809217,8.383798551720675,8.377773119150214,6.819412372900123,7.00867396214451,8.173590991064374,6.761574648482101,7.29405842758129,7.880433950969829,7.737194197679187,7.574873707136697
Q9310,8.04013900821335,8.075308341106657,7.967175219946651,8.036536846244505,7.59305475195961,7.176871346698973,8.080232726059604,7.684943663850267,7.4139339495297145,7.4937591291845065,7.635261292460101,6.862130710895838
Q49081,9.169684161429096,9.767172191296622,9.372410705276115,9.707300515378417,9.10286889096111,9.275733141143336,9.39079048240511,9.133135224726033,8.998605454254523,10.119474167054767,8.321916446515651,7.784088085138866
Q11838,8.094106881858623,8.023315638886178,8.354268254345394,7.349309065133498,8.527231389310506,8.476312179293963,8.054001514388997,8.19608426111017,8.389737486094438,7.624664559306737,7.339284137146533,7.538658723263487
Q83471,7.5410158270865,10.391998214453537,10.803352151881443,9.37113110892617,7.994813840311789,9.096111786649452,8.26935378491219,8.34596320505726,10.206000059898921,8.619537776701533,8.540551030455473,7.612186544272719
Q41163,8.359536116485272,8.613955334231886,9.936856321777949,8.65331022504552,9.050628481179247,8.845980138891145,8.828708304041008,9.468491964528924,10.835468689341281,9.27810968764757,8.957842155203544,7.789546283746558
Q47871,7.889517218181806,9.107320381938633,9.20362231232806,8.920035715284437,8.605600754864964,8.066744826673064,9.177441460806604,8.616481815270241,8.619080340375712,8.607469548469764,7.674342761400326,7.569741189306688
Q68833,8.549036986291458,8.276827388642333,9.421184976737617,8.486135378908678,7.23312870492555,7.7396233461932376,7.691245229415966,7.289672400567351,8.851567996454495,8.702242247031256,7.71549148924348,7.496005380423488
Q211584,7.84788272323038,8.377951221410367,9.334289226440589,9.179761641591135,7.909040149990904,7.292075749199821,9.121800624304347,7.2917057501865505,8.725895813617072,8.969370601680344,8.683730269718318,8.017983929412718
Q28692,7.207388690519449,8.430785901910156,8.620186777321544,8.243464285112301,8.30286868513515,8.145901423186626,7.7598314380974935,8.8778315659055,9.082800258275578,10.060335365349358,7.573060816913276,7.584445456030773
Q27477249,8.29079692350364,9.650145976580244,8.955491391186799,9.614610530272465,8.523041334088008,8.677025865482452,7.920135216477993,8.34084388854786,10.624556086208422,9.494717211350311,9.411528877016488,8.798687396137321
Q178841,7.580303334514814,8.385650677011093,7.508437340676592,8.222318590954824,7.109523995716985,7.227886610180912,7.497439466019543,7.2167662823698295,8.009433618400152,8.211121834053044,8.796338489228674,7.314176372004442
Q72334,8.711544853914015,10.147367715056916,9.503125533553543,8.911312365452396,10.213146512553632,9.95919139150495,9.951325411549428,10.610887979692677,9.826961110738914,9.028048451456293,8.591294362433171,7.698850159417903
Q378957,8.619723020894574,10.579744484648806,9.3446165413279,9.946199888272693,9.188964223660726,8.130101217124288,8.56087835072013,8.756226922564482,9.806517692065059,9.508086796286387,8.463603741939039,7.43279485930846
Q83478,11.209127242042902,9.922224787611812,10.419019345708811,10.095178448240892,8.25274823457857,8.791477119943309,8.96901764089696,9.80665928080864,8.983392957309666,9.634597538582373,8.664853597372742,7.920882321336183
Q153708,7.665027908624911,9.639745599615205,8.988081526238558,8.818403509396205,9.584046458276577,9.496038970359105,9.56307050031766,8.932442101293265,9.331390656496104,9.461906208642953,9.264287027643812,7.901576749880396
Q64,7.6617893997112105,8.612668971812365,8.235293400873328,8.197893106534227,8.178391389033203,7.863411149116881,7.63995548192266,7.863368376837928,7.95401911074337,8.27236658873773,8.047742168285055,8.522445399810053
Q179399,7.724963235794597,8.645965293720911,7.884401194159647,7.923881912158809,7.417860233834736,7.0276962162083665,7.801627767649739,8.05429334246723,8.85062661212648,8.006857233404068,7.476360844724601,7.073911023330678
Q297252,8.159399795581786,10.048214665254305,9.416792982245799,10.176072104371134,7.842021342676073,8.906136486597832,8.944475379392303,9.211156747779922,9.78879966436982,9.213891060477822,9.109909062192159,7.71260493342323
Q2695156,9.033627755376981,10.043651919846301,10.014670903570247,10.053037171005672,8.531257517520395,9.207990073582994,9.80492886358943,9.194649138757555,10.49632160065404,9.919923929940346,8.477386352511925,8.291070698845406
Q207551,7.694048406229147,7.808222413831188,8.863086294267108,9.239747421261484,7.154407800884641,8.06532945151356,7.974200617620466,7.321522594757221,7.940676135073652,9.129569997881955,7.107052215332006,7.04869559464314
Q168497,7.7794362734936815,7.940167025006266,8.73211441080737,8.467629329034805,7.14349918844413,7.6794367127770276,7.961465404751291,7.755997036169446,8.196334305140033,7.923673279789196,8.44523444254721,7.868884714498382
Q2126,9.781354675974613,9.829552689545059,9.599783214048793,9.789987135420201,9.552350702092774,10.446334657484142,10.101404071764128,10.294784827076926,9.92112261828044,8.87260632033419,7.888647852079908,8.006095304544854
Q75507,7.004315089831941,8.335835846003224,7.743414022170802,8.109797980760234,7.214727253580306,7.020058752317002,7.142322903014029,8.047173274966688,8.570815699237274,8.185069629289302,7.038166638859255,7.483762383227792
Q2814,8.32363872858097,9.455632844904715,9.187841297951337,8.670610942817621,8.228644524423569,7.83050431541358,8.082784628717153,8.925400748112859,9.157636944731644,9.180351564841361,7.989579436364023,8.185302047732565
Q212180,9.353340500700746,9.422361123758554,10.679013912521574,9.438917631066223,8.534607102599415,9.02383440806499,9.0237827422856,9.017152333656682,11.30761524608308,10.697391105532402,10.010363283905829,9.458506447096921
Q43708,7.196625884797361,8.294412541174705,8.688500474430557,8.689481743026445,7.798842252764488,7.57402730260945,7.7339283605986235,7.450308564495257,9.444364813137273,9.072121118380768,8.475456274007392,8.05072733122893
Q7590,8.715925032977804,10.624746157105953,9.23608133370258,8.830137767099572,9.684782498295982,9.67710527221928,8.997372807474047,9.349826511007636,10.89529853148479,10.004543274420078,9.776653802076801,7.740738259608481
Q170513,7.616305687374687,8.355278204238827,8.011215229358731,7.778801798931644,7.362858598365207,8.029467421093091,7.380147740205707,7.717933637021643,9.926327205822167,9.103433057794513,8.127446964568081,7.251276739517239
Q22686,8.365812397663147,9.493395909741986,7.94406836114564,7.913786824043975,8.293338069205406,8.319371755358869,9.357998856157064,8.828592543165469,8.857421768888925,8.994255665984412,8.176033830735966,7.052912559116181
Q238955,8.093311576584119,9.615195136008518,9.763438164425782,8.93163993945859,9.530658734832114,8.557092905311126,9.445333349479757,8.540201331150739,9.855121705192987,9.240179664840959,9.881540829404127,8.234031945645219
Q211935,8.518841341670752,8.680227900882098,9.50715972237686,9.408548100374672,7.254278232923565,8.518736633638806,8.0396265379596,8.121397316630278,8.733184585181112,8.987134234602106,8.596339603009994,7.483770049128463
Q152127,8.439369546618304,9.802657589768312,10.424316558645629,8.425575573166435,8.163984805618828,8.835060204748519,9.003236304674491,8.664135377323886,9.693146280560937,9.63075259464331,7.610839653113815,7.718087594556109
Q23556,9.056697796685079,9.479568611731159,9.072345940873216,9.049154503790067,8.613049154729165,8.825264674624355,8.441362590283633,8.840173127408246,9.378640190724946,9.967739492477744,8.487412377641721,7.699165402976131
Q239909,8.077521863153159,8.510355736355415,8.490629520908184,7.57706298833159,8.003366685881332,8.589955534477129,8.607178486900171,8.237916106419572,8.852007127284002,8.292950559487274,7.954173559216294,7.4735776191519845
Q275169,7.830470029444526,8.505641583650096,8.513918477352911,8.400583088144806,8.303946475945164,8.611971812022347,8.238123542135556,9.045157477105429,8.95303743822224,8.638892808744304,8.999697207028833,7.1110247931946695
Q409672,6.860128687885644,8.337167285151,8.401267182058538,7.718316273806177,6.748854945522353,7.259013518073434,7.560560505133426,7.349970532113023,7.956364201187622,8.410599302176783,7.8494092095404575,9.02642627385627
Q380436,7.016950150284738,8.231866132271177,7.5933539330042334,7.8470450708917285,8.05765589292898,7.855797347537799,8.155865118564208,8.179788665714657,8.395543621801744,8.037831211944512,8.04571588197429,8.62824044664753
Q186649,7.254161155937829,9.188964545248917,8.387082439503834,8.896603309065844,8.34775400992483,8.575134835417344,9.161249382316841,8.5749906590361,9.369631243105795,9.906290745940446,8.569294924789746,8.70383018044151
Q5785,8.19469390478951,10.580916845484825,9.519117977384198,10.034280426389495,8.389160364451321,8.943593705142971,9.368470024412968,9.790897722101638,10.184786566884926,9.6954617017344,9.541207036616012,8.021125488339496
Q9021,8.40945555023006,10.109669578735197,9.436241764013225,9.876079750321734,8.077596632953858,9.877510513985449,9.188224549742616,8.935987730962726,9.763735735721943,10.30071756019518,8.866192164719488,7.309723426395696
Q276223,7.519562970236452,9.292943572958006,7.98865554475581,8.725704845420236,7.838219039557227,7.558046322444691,8.341472714283183,8.044327636688186,8.707767771859672,9.288433300616784,8.68687605657057,7.707776641669603
Q171552,8.740060326549438,8.964599319112368,9.74618110185532,8.277028674577515,9.273486993998647,8.016436131990618,8.227347847962735,8.574085750349969,8.370815445075161,8.193033757287779,8.74468087712835,6.616704129633537
Q58031,8.359097615391194,9.303660795319068,9.334471921206587,9.00046751036643,8.474232062051424,9.214513480148085,9.36477954188291,9.31954085228596,9.647079400713453,9.49697545113479,8.955528149808245,8.835174708204098
Q154242,9.404285233844327,8.720798615127983,8.420682164086685,7.928675016188601,8.600774780416202,8.56688206075747,8.103959962209608,8.75572488012716,10.057907574652594,9.099982059666551,7.7709915220600205,7.482480481930373
Q190837,7.808087525752062,9.483948896642984,8.056907015901027,8.920392724712071,7.62069337666903,8.036784409340274,9.065380359737137,7.831455128097104,9.128851971247814,8.504840975052554,8.386721046859318,7.49814532555529
Q224069,10.00785896776528,9.932246452126849,10.161521055097058,9.157744016179919,9.530975981147062,9.025869723668544,9.325181885178043,9.286055288127415,11.084712873179912,9.872372849593413,8.781679780811048,7.883228981188226
Q172271,8.143042985630688,9.665422693622,10.150929937222115,7.429234479356141,8.10574579724678,8.093695958129553,9.039966232733708,9.448285423028864,9.200838421604962,8.814612852253553,7.709198472526215,7.1408102644555775
Q817281,8.460713179651675,8.07131857104792,8.643482966462951,7.577427902112004,7.547477536521788,6.961491868744587,7.467438668008724,7.233838953535307,7.226506868927976,7.860937035939619,6.274811782464507,7.146140760272473
Q2841,8.553650958802251,10.591282482142407,10.781466411133769,9.620815088414565,9.707646183918117,9.717854242441874,9.87202551332103,9.954041205889432,12.184731202586761,10.593990531626247,9.695995050325648,8.605449478856345
Q462,9.759221338170331,9.904372753490572,10.321340084004712,9.634287264321234,10.66955094218244,9.17095204402362,9.748562960339882,10.53159763825141,11.850612185530121,10.4868786229283,10.170739069276975,9.59375594879084
Q60070,8.205816178725982,9.185567233878885,9.178826632690416,8.645596280042446,7.841639234641001,8.933847779796254,8.486984840953133,8.3158798468227,8.5089286324913,8.84641896120512,8.256418984611363,8.312162428475165
Q645858,8.5315293922023,8.005128637659244,8.262678216823259,9.601897522598813,8.716487552461963,9.092212166018964,9.360197099158006,8.737272159720805,9.842561196358623,9.225970042692468,7.663353867269031,9.038110102135077
Q220890,9.047247744729647,10.456012455593598,10.187749959474388,9.79106679429331,9.299522563545773,11.26389118555689,10.930632300280328,9.936248166637728,10.28028505374693,11.041631144365795,8.803427871312403,7.836638247302207
Q192,8.571445020894965,9.346595200397323,8.591161017829096,7.575528694455647,8.993211007514038,8.638740601323866,8.795564737380396,8.529990930684084,8.393967431231117,8.838849186827556,8.484154602694861,6.925823512000133
Q382864,10.533120093649156,11.234364193550558,12.091598013770067,9.33085817364194,10.589515462750642,10.42381985402483,9.701844865965512,10.477109133603939,10.200494751776036,11.098247903789058,8.310857632846826,8.05186265856645
Q188799,8.07097095619019,8.571055549833732,9.122707416347078,8.89454554547154,8.33644120629665,8.362713082079338,7.922160375762165,7.908226924824911,8.664454055767072,9.27492612757401,9.113259818184188,8.136014204371069
Q33959,8.303091001951328,9.649967761375173,9.998277432312184,8.847961184503774,9.33539412261802,9.493372131515725,9.545962661952093,9.218728823469297,10.05898961404312,9.521975332745345,9.771232908871665,8.873623328261898
Q37594,6.91414909499707,8.721547109256333,7.646543633574598,7.40116525433662,6.701484449563105,6.794973201072484,7.168409510267214,6.438394843904126,8.116727611022139,7.734277695743795,7.352291850224369,7.244753904894545
Q14332,6.628022041817925,7.882790610843968,8.567716503894697,6.915616511507075,6.287288444860327,5.866350236202106,6.186824212742206,5.877060373215324,5.965893185574993,6.5391472128616135,7.647579830142028,7.554601542888015
Q80048,8.193801426922503,9.321615285410202,8.227176242123257,7.8934113321421036,7.746540758755174,8.034789092286871,7.799761907745065,8.022264806256928,8.670518963707238,8.74744097001647,7.8679190193006425,7.095028236236954
Q43287,8.646798898668838,8.69082795591317,8.8359408185522,7.527212633421957,7.017446746143898,8.13712320866395,7.924696927521775,7.4023314609046285,8.756502377401267,8.462522612087362,7.78650076436669,7.346724883891881
Q43004,8.010146040475126,9.244583266184415,8.98438049982108,9.361482001094094,8.159503906829059,7.5399731561133985,9.25747046428454,8.108781161079946,10.109747757957177,10.972259135374676,8.198426930247631,8.132444913380262
Q43974,8.52349558303896,9.30782814353773,9.335479161184967,9.276688245939503,8.90330062794012,8.845715152296004,9.572263854759692,9.306409599174737,9.278651127334555,10.406990370776153,8.089437849383744,7.004198242930712
Q8577,8.798501667312122,9.225806749605017,8.355804884606746,8.423826724622193,7.086304995630247,6.560136982807469,7.177507088427214,6.485947284059135,8.368214695619669,6.8552455327614386,7.302737850390334,7.186786308365848
Q158895,7.8228092319408224,8.599551824285966,8.119934574286228,8.076225914375952,7.105122609530416,7.6816589687072865,7.05377416479921,7.618238846555934,7.21141470995102,7.4785214559450495,7.560579766332078,7.345434244719906
Q201766,6.677670424709568,7.643808429940105,6.552775188347633,7.441513558128294,6.235665998799703,6.52716116459158,6.626353354224368,6.196520851780498,7.781138450417418,7.477001587517796,7.5303914171726944,6.798559102549322
Q460756,7.594116111018795,8.321988393678316,9.211482058659788,8.040910721480508,8.947596339204361,8.76721355764619,8.473912905897937,8.296521831598188,8.332287192091684,8.612799787413737,8.396559949999435,7.268167501329107
Q43669,9.19267029496888,8.647578463346948,8.50252706023829,8.480265731857594,8.023510475448473,7.747099528322757,7.430587308900722,7.889946449773199,8.141259559846947,8.74115296698888,7.606693613262384,6.553383230389103
Q40730,7.136983453933985,7.476671081063288,7.1281614977559045,7.382322781956168,6.833778898202297,6.667841267248669,7.053685263062058,7.457377531210896,7.2122606324922005,7.4993435194135,7.083891458020554,7.26084113059739
Q25,7.755140596370998,8.313114739779731,8.039435582120468,9.53577767927451,7.532692890588707,7.437551944224156,7.480229568765449,6.859561195104167,7.837620924352691,7.610237337685684,8.032484841791042,8.452447315645015
Q54274,10.479302923375133,11.795290090744253,9.643594098203085,8.653229986388116,9.572501817487767,9.02979614990632,9.435828086833311,10.231489124528135,10.056492066064441,10.603223736434236,8.04908519405506,8.075899276590054
Q170304,7.852316792248582,9.309358859328615,9.870747965008599,9.3414680872072,8.800559177633497,9.165566627533504,8.395458276477747,8.594300489019393,8.785128221519797,9.379067527071081,8.863951180537313,7.6145739808160355
Q192615,7.727052955552386,8.334511300684543,7.698527442908458,8.256194968226414,6.647271227134249,7.251853386930786,7.836976793161066,7.51486497552335,7.489827479347376,7.991638592794981,7.513657160890623,7.427461102808766
Q128446,7.874704029670846,9.730404475581063,10.112401205030311,9.14590861404763,9.090381471575608,9.08398397454667,9.002490672991968,9.298794046111169,9.71810186418636,9.551915263199334,8.6968696971273,7.757780903801843
Q19960532,7.352239707227618,8.330673084159608,7.889473552729859,7.80920528925417,6.774785677716947,6.767334479836225,7.167484991271013,6.728075867729775,7.651373700141234,9.118924831373759,7.741629295896103,8.210471243091348
Q164546,7.607228986452837,8.70986267868255,8.72048874461445,8.35898202731049,8.082329709054383,8.700232628072818,8.172197999912246,8.082360880804632,8.420017770363758,8.920848003728006,8.185570802783205,8.417186743109163
Q3341285,7.902417092945301,8.522901717957867,8.14465591862267,7.98859714256525,8.939564407697553,8.718294193794476,8.910987648840422,8.504600524915258,8.485246734439128,8.366404466327827,7.511634684063079,7.843976850326677
Q193677,9.195634736749346,9.711564231523266,11.042778232418835,10.160710306078656,9.172995386031547,9.47780834489001,9.293228849605955,9.10269716795377,9.102263191628564,9.165024210958803,8.53417404840076,7.6949585254999775
Q421084,9.067898316863715,9.496238935023161,9.700425312828976,9.485435805043377,8.17915195232933,8.664943433240696,8.676029375074002,8.155071559598383,10.049948368011824,8.88553080940654,7.948951091004955,7.573307404547091
Q11448,8.088896579023784,8.9381319570667,8.655343784071844,9.522960168130886,7.931287574210645,8.319433509658577,8.632953736364545,8.348530313884554,9.22403450224626,8.719228328229157,8.415024275313321,7.709443203725836
Q188411,8.453153395826318,10.474048562177051,11.631295882303872,10.262597510073265,9.103033966564078,10.280783528799727,10.067693013450732,9.820179067763608,9.991861106890193,10.03764316694648,9.764967290965593,7.845982402763368
Q11980,8.326470092997651,8.302057414498162,9.47886771657462,9.39158410579516,8.204470834003459,7.743097541418645,8.000044867619172,8.583285735549191,8.674840988836088,9.008659613701537,8.501291951769913,7.344380883527176
Q132265,9.21128820198697,10.00738047312603,9.771883899462946,10.046498902532193,8.931221455217798,8.821423127285902,9.647068556701695,8.913478205109152,10.776891044887575,10.036127134958546,8.987831453909413,9.244337535649317
Q130905,8.215501381335603,8.704250355126144,7.978265370634857,8.084567708922677,7.615771679470004,7.040453186453083,6.8837671907229065,7.043338500318256,7.794460338634824,7.520040271641979,7.393374898809361,6.537780790560928
Q13498,8.336441615201363,9.00284056331311,8.619719321097815,7.765892603538209,8.180865089552162,8.726528561927571,8.769269269008257,8.2778404839366,8.630446154874392,9.373038263462686,9.089741990295918,7.810187636846852
Q193108,8.45704378095838,9.51934383054744,10.935470519870183,11.376719075559153,9.914114531899605,9.31774431147131,10.518104234877438,9.67171705242114,9.52661062587265,10.120460085066993,9.166479991306602,8.470137501988775
Q485048,8.866871388689017,9.778080419910493,9.930816380354164,10.403068550534798,8.47944777671614,8.878194543322438,9.021621932998439,9.104745160753533,9.279231398015842,8.986412434090894,8.805734154596543,7.585925955915566
Q801,8.334561026320705,8.523345681266463,8.443443049491613,8.055194263588332,8.001344264686251,8.568659936975582,8.066727520195414,9.235764380513361,8.503119594537141,9.276998912440165,7.160091906117899,7.975585331076282
Q428,7.476877288871102,8.514262883573206,8.699748021060437,8.285643651535366,7.812397385109383,8.093400377311859,7.4647497447958004,8.099596600748498,8.293230971266143,9.132688472147759,7.674105863805958,8.334575710631167
Q208549,8.249322869928376,7.825933023128883,8.023157499864835,8.92354938119419,8.167799551318964,7.264688881467313,7.903719997860066,7.570038462693814,7.532597873959087,7.745284915563413,7.230351409218438,7.813405266200882
Q179625,7.86579576131255,10.504556425437432,8.751440797596887,9.108262002398643,8.600525545266663,9.01115444962151,8.612041549703589,8.681248095134725,9.668868261021672,9.567352141431543,9.001546069842354,8.715202059038521
Q464014,8.930336333344746,9.65021495438282,9.497665050910957,9.343936640372492,8.732180771152775,8.449924368814518,8.599892942270026,7.973683564724186,9.83570178043977,9.556862301046676,9.943082608342692,7.632213608272374
Q9333,7.747939556409885,8.084817203484668,8.483659317559203,8.467257564303,7.900988318298478,8.019429140593623,8.130736339011015,7.478665423914647,8.27229768549638,8.80639025432743,7.756337451673046,7.309411844515276
Q545417,9.982504456777539,9.57527388758984,9.0738042878936,9.214856814474395,9.34956716411729,9.497160621392442,10.41779763868931,8.9022473009477,9.890128292252763,9.93718655286563,8.355419992404144,8.195879719712396
Q45931,8.169312182217276,8.850918284237073,8.388882821574619,8.67511523022699,7.070008611627373,6.993025753780484,7.456935487352841,8.005982110945318,8.990888104545148,8.425030733465263,8.153482136612311,7.755967220234012
Q49017,8.221011532644201,9.083066088522127,8.469149033309991,8.733699174069677,8.254097453696684,9.141551787859145,9.180852235738774,8.148102761793933,10.05366730310047,9.888743190208887,9.058431967192051,8.090734669479293
Q10886,9.428868331326308,10.05324334676749,8.771421530691262,8.815937890862276,8.863986354320227,8.637231331978391,9.63833320427013,9.54325551171858,10.656383396698509,9.280242372870418,8.964361058308448,7.499351488060235
Q207604,7.376181037009915,7.642547774958484,8.971848887466788,7.92304563402587,6.996475168835751,7.342085704057809,7.813931804056548,7.870024802046435,8.211605668694602,7.758797920198691,6.625613763324447,6.451219372875258
Q82414,8.666936352619008,8.352516729022,8.150660033888785,7.928424185897979,7.104978966389194,6.973542609839661,7.354936176352775,7.42920100850449,8.118957440967463,7.787623126671394,8.464406111161283,7.8024948553030145
Q207885,8.615640073628118,10.037567223234868,9.093584339953273,8.917366788778839,8.699851503760263,8.875555226526465,8.733411545223689,9.368158882577559,9.185606240268612,10.516850460539045,8.132054225348272,8.288390316371327
Q326240,7.449115234111657,9.140515649664081,9.010755524782038,8.105379854404973,6.816814879989179,8.090319280736454,7.753352399300428,8.179426833840834,8.810339388753547,9.156449827166472,9.10928209893686,8.481612229283938
Q131508,9.112526945646104,9.248426726407079,9.48517600640446,8.819617927327547,7.607451238562609,8.340918848285764,7.913482616189236,8.664538709189856,9.0334041138322,8.77102951850833,7.9046848622886765,8.345474718206091
Q131297,8.65197634618165,9.35172638472333,9.304324495365115,9.529194094187138,8.775138159865195,8.764366088588314,8.648138137422341,8.920410706739371,9.756950156064784,9.11045277831764,8.19470741998061,7.904976803359806
Q12192,7.757123398542605,8.81673050018173,8.995228112259086,8.840841542638668,8.14476017676552,8.273786816823728,7.806095575862834,9.623381760775507,10.080022576654159,8.85162003213841,8.59987117582701,8.223203910610167
Q1008,7.8590993887364915,7.779198328139339,8.980439626098777,8.200705009455694,8.094942268234485,7.787838547546585,7.989216857379449,8.316329698968481,8.388648434403962,7.634116678944844,8.34392076552015,8.576016355239608
Q6607,7.839731519665706,9.914229314875541,8.727101571737022,8.917805494469079,8.088266579252785,8.502087239226368,8.571429924114069,8.653965426666064,9.06650161452293,9.059715298826484,8.28174827155077,8.182583892773005
Q262,8.261743823937396,9.123798176000236,8.280840911894591,8.396401049525824,8.235246743405927,8.60467278506102,8.05194835852747,8.307667079375223,8.772842133346312,9.074846913229589,7.9040325576542,8.248537324982859
Q131658,9.257584372000586,9.650389222781017,9.332499644355371,9.976658119961572,9.40187226772733,8.66096281709563,8.378729840769871,8.885612321515746,8.346295843631234,9.87594925478686,8.736590755525885,8.43664135688866
Q180832,7.911985658828144,7.481632995694307,8.155290682136581,7.733526130686838,7.7063602267733895,7.7479198396862445,7.1998360924659845,7.527918744549386,7.004954357421632,7.543799422751751,6.356112416267178,7.281153956079188
Q1049,8.935463445132934,9.547568414896036,11.12294499450228,9.595394533436094,8.888331745014675,8.860427290937515,8.372911127723217,9.599925529942873,10.225773578238037,10.433696844113129,9.285391207520195,8.692723003265085
Q209496,7.628425939537168,10.643902648916264,9.056114983108673,8.927210751603313,9.161017030462423,9.073201699535494,9.061943069092255,8.867317745625837,9.728482409802133,9.044026906666197,9.463131383237009,8.519306688393073
Q1711,8.160119871796295,9.792669032016825,9.904375124810894,9.378870293257663,8.871713732436659,8.555340499825745,8.606885433535808,8.2011888314793,9.865402667539948,10.75831674798785,8.218300209357906,8.36035017362826
Q380492,8.956342410404567,9.401960993818445,10.696988416231774,9.212873167810192,8.736748292130423,8.894443662982495,9.438409361308695,10.243526319163813,10.284696410317348,9.66462788447597,8.590068287990208,7.61711968717699
Q673198,7.884333189862231,9.961749878200525,9.238312281766373,8.628826745365753,9.072272547472345,9.539211548484714,9.083028232734954,9.791125744157283,10.593540373646361,10.210407549639255,10.113739970552798,8.224339079924565
Q161524,7.055047718791272,7.757777756170167,9.057108465775462,8.567683577346928,7.3261400508570516,7.633151190577886,8.286645411630403,8.07487233072388,8.400528483096348,7.958067487335199,8.568114548519981,8.355104925270128
Q939590,7.044142213506569,9.169482001313566,9.036708770911746,7.898232191234849,7.297759372479657,7.117494043430825,8.34705607289381,8.412954182389793,8.503031576701261,9.600805037147783,7.847645110923886,6.88316408021387
Q171692,8.318911857348555,8.531592121836857,9.308340943149192,8.039779467187241,7.707225122258946,8.257293001479086,7.799573053897585,7.530979256517814,8.042388845929935,9.085114936388175,8.816907215179459,6.725480582107952
Q216006,8.82448719636895,10.590355743935229,9.226470251905653,8.697158463158733,8.562654758509355,9.465213414120237,9.431989828755512,9.444901183852908,11.21834300844773,9.893009434264094,8.814312867684627,7.73969333324878
Q1326354,8.45210981738382,10.213924076043597,9.829537045715378,8.904855174073226,8.661670565203178,8.453473252461437,8.832192143694416,9.23340309106015,9.657826792741712,9.265292008814232,7.356744059360863,7.501434356030575
Q4097,8.289275711493733,9.539058298884019,9.784121350161332,9.142756187823375,8.247028945171415,8.610169468325017,8.911743004690267,8.593821951076919,9.001383424674223,9.067521388663318,8.70665113734134,8.019692862124097
Q34706,7.060848518078262,7.695035243879296,8.273106678970725,7.778241669819346,7.00187064619651,7.356105941697747,7.587121535466121,8.206305035236673,7.819846778214375,8.130213819516095,7.7122836418781455,7.634187660308536
Q954,7.404960330538755,9.24664338679708,9.180417380045817,8.893530565571977,8.233941607907129,8.38968493196869,8.38016303840519,7.608355170324693,8.926360356325304,9.10925635623242,7.2972430169876565,7.776878742673218
Q217182,10.829587089660865,10.030506445374682,9.881138745491983,8.824184120787336,9.83501537953719,9.914550349286223,10.098263641487211,9.584322238294723,9.881549406951066,11.333170199041666,9.40509530454151,8.11595461037134
Q483352,7.97880297133065,9.53979032346385,8.344768028871568,8.936739885157523,7.891422328695676,8.441677059421565,8.416457383194714,8.424378383988717,9.70712618563165,9.977508823899853,7.691315381710006,9.1295884615497
Q496939,7.663803534594988,9.509615939127261,9.612521731215526,8.233252263546943,7.825515184591855,7.692961686541364,8.717284876086168,8.77757126902299,8.819089744102593,8.136359753251083,8.265107853316724,8.353044173115599
Q275422,8.12478689661101,9.204104349151075,9.779677189331462,8.615825687160315,8.028409411892364,9.024981960614666,7.919390017360166,8.830363426699973,9.121205689471067,8.338588307239425,7.42442508213776,6.888963974272229
Q75849,9.80667777897688,10.97387080629903,10.109679390705995,10.032398253597718,9.718747583807742,10.355497448104545,9.640375542106286,9.506536687418368,9.303048716346128,9.643172841872397,9.167196096734957,8.967748833929779
Q180825,9.322432770666103,8.416444262628305,9.420392063916019,8.651796439552584,8.307982990626078,7.724569095188571,8.339926736474844,8.838677304843022,8.541204388061303,9.14697950734814,7.74957885652467,7.3796313212309474
Q174640,8.937369092292448,9.38456985648029,9.42596215163331,9.07992008258315,8.49211836172721,8.74095947400049,9.741882783216337,8.792541530300683,8.402104002135038,10.36949541581258,8.427505314432295,8.036801262984447
Q160,8.583692671961927,8.803688202153754,8.266624981851518,9.444237203869607,7.583955844322734,8.03108678285597,8.850409063455198,7.995888170364725,9.488216906180424,9.279081290966458,8.920286672016122,7.287755584976546
Q132811,9.04431429568936,10.172595242072958,10.284125797032582,9.703364290044224,9.03687070294619,8.8435995442154,8.650936332586113,8.047843528866798,9.117667143796734,9.974100179777654,8.752483793901842,8.959195975251054
Q5809,9.219164888610546,10.13004371075113,10.231546557934912,9.996287422404373,9.646688579875548,9.58229307418276,10.296377721299473,9.892047112980975,10.164925538968136,9.754085130419282,8.119824048306922,7.855027000393438
Q242791,6.577837909169618,8.058322759101708,8.398702892650663,8.330419999705015,7.244051645041102,7.385426174121216,7.615673523540646,7.842704031346228,8.459990552240214,7.830202362808927,7.961900724651105,8.416192613072857
Q778,9.290836694903009,10.305566148589175,9.716024479372809,10.147381785352334,9.27774496105743,8.506771670706138,9.771989476745881,8.492897320636462,9.679939881457749,9.403561913846552,7.89662298226596,8.318034315310936
Q855673,8.446872000157686,9.959834208883567,10.167046580411789,10.594730041880792,9.273405756948215,9.576764921984903,9.220335371655692,8.935082618790103,9.840743998568346,11.305909934620177,9.091152370886256,7.929941593954211
Q128700,8.356074576993052,8.344869470721013,8.245146915267117,9.011337333157558,7.959749009459328,7.674830171654543,7.529279919423633,7.718433780087741,7.990995835296434,8.404129465121562,7.283498902025872,7.216312848077911
Q3392,7.603759358087347,8.94378849768481,7.678099940096222,7.406952679610528,7.658640592438237,7.654263865435154,8.053958857795394,7.288667225473172,7.946767261066512,7.017649409326692,6.3762748757649375,7.551759569509337
Q311739,6.858513408207997,7.781510258243954,7.656471496585383,7.93732187305156,6.50055432462901,6.757644512352697,7.2457304971078305,7.025760247997138,6.363023758450773,7.939514617192928,6.227713357299092,6.00272096064886
Q212815,7.223910929565169,8.178545599740609,8.779948685651634,7.928592519708868,7.2948012965136035,7.442998029320454,8.658735526201143,7.6025547644842835,9.07005946706903,9.134333707093885,7.88012589660358,8.681781757240747
Q152409,7.566421512184322,9.45825059218304,9.183090578991036,8.497079383708892,7.764263940168056,7.568775553222201,8.08182761873944,7.916047632399445,9.152818813660673,11.12730700012005,8.358321893615576,7.818017494890063
Q450675,7.319913684404554,8.980306208513415,7.426111694528007,7.78549302179736,7.928915779909731,7.7942146747471615,8.231678718738287,8.30877286893578,8.033688474871019,8.814990419704202,7.231521442411013,7.041360132502609
Q1646,8.93135490622074,10.512199184191907,10.272927219748055,9.462623990421656,9.716946961422426,9.39587610012381,10.190691628025784,10.157129492196443,11.429666048140618,10.4655260054252,9.067792690395553,9.196170396712933
Q835,8.40427015737381,9.893696749057984,8.852915492274697,9.81325024780532,9.332232845937424,8.44545863040418,9.114364269694326,9.017579702078526,9.182159706000554,8.108136204403168,8.294183382900671,8.585256017747248
Q131656,7.240327858826086,8.142073194761295,8.082798075361799,7.88876226949627,9.279828710054133,8.536795173247441,7.973605045556413,7.93413507310805,8.4243288303236,8.780756705069981,7.6454446399421245,7.393367886321279
Q38423,8.244050714207178,9.225645747043679,9.455130278411936,8.360486864134922,7.701161534185258,7.703723013589988,8.575807243668443,8.901603560168539,9.187055323579592,8.94766823678513,8.46278312467692,7.648351206471049
Q211544,7.737975137887128,7.314683969968272,7.753988728234944,7.248971640740553,7.163335042676112,7.518127983048335,7.533196705455871,6.8658616851839005,7.0370078978763395,7.768872268249432,7.685919843045337,6.113916073212184
Q1899,7.858837850529293,8.353292428979762,7.562090956102229,7.537765931722807,7.307363689558025,8.170095207071194,7.3750896872170175,7.655784721275444,8.3533188509212,8.477274201617378,7.652070522088102,7.413933733673292
Q408801,8.225941816812266,9.20183672264454,9.178359804716173,8.997325014667828,8.515768631303352,9.359591378231682,8.620925830005655,8.551274718958704,9.57358096336383,8.367043352939563,9.067299297083038,8.744172967872407
Q130585,8.220872096310424,10.407169504093051,9.128260228049072,8.702763646805591,8.831970148077582,8.594938438633951,8.265394033007341,8.97736409492439,9.396445078562449,9.66521599811393,8.538225070365046,7.969217731430645
Q10998,8.596162713055373,8.605443740946567,8.412246717205566,8.533079808172882,8.230274695626152,8.549540201254464,8.545236639820077,9.465264349429225,8.7206802409994,8.553029809119437,8.189101597919953,7.498053388628755
Q407350,8.296745909481414,9.121726937353774,8.834193434118308,7.92540332357587,7.401547619559477,8.434357897772639,8.23410875284605,7.611733064441677,8.350961111070093,8.772197373886938,6.974247281117172,6.916503883822881
Q168289,7.2661369913220595,7.839006282192359,8.013263966368289,7.978378277230587,7.254390002449749,7.896089806397845,7.7751707281497975,8.135838402651695,7.515657700168387,8.918313343694583,8.320189302243529,7.627760735857239
Q82409,8.47045685401997,9.24464511945647,9.301794084915832,8.213375180333237,8.996003647295547,8.59244546338133,9.325512890884706,8.339563795237698,8.15263378456453,9.142861950910122,7.873407052005173,6.803046466981308
Q850312,8.889640378562259,9.459369746291344,9.098255787505492,8.449723333345286,9.157638863646739,9.652043629003435,8.496383314111801,9.483170011781446,9.123950234779555,8.618083673066856,8.06897187423161,7.402243362854541
Q43653,9.628718240766705,9.70392395206661,9.596691698891776,9.133734844725836,8.710708412562129,8.476795236996237,9.0752454439645,8.920434191414135,9.972246804901364,10.265091058142565,9.497441026576638,7.970112312374777
Q77888,7.633536026645159,10.713458163367106,10.592103180066154,9.268320845725093,8.930893905745249,10.156979982075551,9.402714837210159,8.945766554640732,9.526062307938682,9.552820695626954,9.19476419130475,8.719394245018709
Q827135,6.920937459426954,8.01728974440008,7.931767755454349,8.89010287471478,7.982395951053057,7.62453428986453,8.16499785420721,8.147120601318658,9.844889460931293,8.30397055481103,8.69052822769609,7.977461296450058
Q15343,7.7753797369357605,9.642434598102545,9.722168312732771,8.683985188719623,8.324024321424883,7.824208257640231,9.024369099156456,8.241435153241849,9.925194339627527,8.871179452609747,8.537235554581295,7.777946297367329
Q171969,8.652904763698748,10.925655613008752,11.970856242691275,9.112787162484407,9.310771783003691,9.668325631770134,10.028138908786328,9.935206338059725,11.138312843667382,10.880625644672401,9.116899569564852,8.078981711925879
Q273860,7.200577555915252,9.062018370251456,8.807807281251984,8.781498549416662,7.451754208046375,8.46535812421995,8.388601374729772,7.087632952607415,7.864682704260275,7.731696633710745,7.175708362336772,7.05652494795069
Q1948,8.152099760608674,10.412501796643676,9.25012486684407,9.479609639859719,7.786857061699863,9.206191486978492,9.366210494497254,8.536636109205617,8.71724128755609,9.043426059686453,8.00053636813089,7.822460448368595
Q11081,8.122355486300837,9.039072760541304,8.448684412534282,8.792588077630596,7.48833712559197,8.014487858664662,8.392881846541075,7.854773276507786,9.484583922503184,9.270891712064726,8.813169222402644,7.707231348989959
Q14060,7.472174947046058,9.359601954841496,8.384748337795772,8.847202596343918,7.358670771957819,7.6246376903266295,8.051400931974431,7.156701095230864,8.58900889265903,8.236163289513135,9.189829262650505,7.920190555193977
Q11007,8.737538079274977,9.891657493858402,9.680330321734797,9.541875384067332,7.9902152046182495,8.20410863958725,8.48139629532824,8.72340285019577,9.42356167511856,9.830566948300373,9.25708027609417,8.542565883241616
Q25438,8.164924638917503,9.130810893546515,8.732751994946295,9.18272843315472,8.377680226493814,8.088713710985946,8.79140224356792,9.041850603900345,8.498318934268413,9.315718263733833,8.031808259190965,8.53549443082299
